No.,Letra,Correlativo,Origen,Año,Epoca,Fecha,Número,Página,Sección,Título,Subtítulo,Autores,Tema 1,Tema 2,Tema 3,Tema 4,Tema 5,Revisado,Corrección_Ortográfica,Revisión_LT_Errores
1,Z,1.37,Prensa Libre,LXXIV,,10/11/2024,24754,9,Plt,100 años del Parque Zoológico Nacional la Aurora,,-,Zoológico - Guatemala,Zoologico - La Aurora,100 años,,,,,
2,Z,1.36,Prensa Libre,LXVII,,11/08/2018,22495,20,-,"Un lugar para convivir, aprender y disfrutar",,Oscar Fernando García,Zoológico - Guatemala,Convivencia,,,,,,
3,Z,1.35,Prensa Libre,LXVII,,1/03/2018,22334,27,Ciudades,Tres nNoches de Luna con toque especial,,Eduardo González ,Zoológico - Guatemala,Activdades nocturnas,,,,,,
4,Z,1.34,Prensa Libre,LXVII,,19/02/2018,22324,33,Imágenes,-,,José Manuel Patzán,Zoológico - Guatemala,Fauna,,,,,,
5,Z,1.33,Prensa Libre,LXVII,,3/12/2017,22248,,-,"Más que un zoológico, una familia",,Älvaro Interiano ,Zoológico - Guatemala,Animales,,,,,,
6,Z,1.32,Prensa Libre,LXVII,,1/08/2017,22124,21,Ciudades,Leon-O es el rey del zoológico ,,Edwin Pitán ,Zoológico - Guatemala,Muerte - Causas,,,,,,
7,Z,1.31,Siglo XXI ,24,,14/02/2014,9501,23,Vida,Disfruta de un cariño tamaño elefante,,Farah Illescas,Zoológico - Guatemala,Zoológico La Aurora,Elefanta Trompita,,,,,
8,Z,1.3,Prensa Libre,LXIII,,9/02/2024,20871,18,Departamental,RESERVA TIENE EJEMPLARES DE 125 ESPECIES Hay dos nuevos huéspedes,,Carlos Paredes Santa Rosa,Zoológico - Guatemala,Autosafari Chapín ,Nuevas Crías,,,,,
9,Z,1.29,Siglo XXI ,-,,3/11/2013,230,8-9,Turismo,REDESCUBRA EL ZOOLÓGICO LA AURORA ,,"Byron Quiñónez, Juan Sisay",Zoológico - Guatemala,Zoologico La Aurora,,,,,,
10,Z,1.28,El Periódico,17,,29/09/2013,6037,16-17,Reportaje,¿Dónde está el pingüino?,,Susana de León ,Zoológico - Guatemala,Pingüinos de Humboldt,,,,,,
11,Z,1.27,Prensa Libre,-,,23/06/2013,465,16-17,Ciudad ,El más grande de Centramérica,,"Ana Lucía Gonzáles, Benildo Concoguá",Zoológico - Guatemala,Zoológico La Aurora,,,,,,
12,Z,1.26,Prensa Libre,LXII,,30/05/2013,20618,52-53,Buena vida ,ZOOLÓGICO LA AURORA TIENE CAUTIVADORES INQUILINOS Pingúinos antárticos alegran a Guatemala,,Brenda Martínez Ocio,Zoológico - Guatemala,Zoológico La Aurora,Programa de Cria del pingüino de Humbolt,,,,,
13,Z,1.25,Prensa Libre,LXII,,7/05/2013,20595,12,Nacional,Zoológicos La Aurora exhibe a 12 pingüinos,,Alex Rojas,Zoológico - Guatemala,Zoológico La Aurora,Pingüinos Humboldt,,,,,
14,Z,1.24,Prensa Libre,LXII,,16/04/2013,,40-41,Buena Vida,Fascinante mundo acuatico,,"Patricia Orellana, Alfredo Vicente",Zoologico - Guatemala,Zoologico - La Aurora,Acuario,,,,,
15,Z,1.23,El Periódico,17,,12/01/2013,,16,-,"Un saludable ""orix cimitarra"" crece en La Aurora",,Jesus Alfonso,Zoologico - Guatemala,Zoologico - La Aurora,orix cimitarra,,,,,
16,Z,1.22,Prensa Libre,LXI,,19/07/2012,20307,54,Buena Vida,PARQUE VIVE UNA ERA COMPLETAMENTE RENOVADA,,"Patricia Orellana, Alfredo Vicente",Zoologico - Guatemala,Zoologico - La Aurora,,,,,,
17,Z,1.21,Prensa Libre,LX,,23/11/2010,19711,44,Buena Vida,Sueño con Pinguinos,,"Patricia Orellana, Lucy Calderon ",Zoologico - Guatemala,Pinguinos,,,,,,
18,Z,1.2,Prensa Libre,59,,21/10/2009,19317,59,Buena Vida,Diez bebés en el ZOO,,Gustavo Adolfo Montenegro,Zoologico - Guatemala,Zoologico - La Aurora,Pediatría,,,,,
19,Z,1.19,DIARIO DE C.A.,130,,1/09/2009,37524,6,Nacional,La cigueña visitó La Aurora,,Juan Carlos Lopez,Zoologico - Guatemala,Animales,Reproducción Cautiverio,,,,,
20,Z,1.18,Siglo XXI ,124,,13/04/2009,37423,13,-,MAS DE OCHO DECADAS DE DAR FELICIDAD,,Carlos Pérez,Zoologico - Guatemala,Zoologico - La Aurora,,,,,,
21,Z,1.17,Prensa Libre,58,,9/03/2009,19093,42,Actualidad,Abren zoo en San Miguel,,Carlos Grave,Zoologico - Guatemala,Baja Verapaz (San Miguel Chicaj),,,,,,
22,Z,1.16,El Periódico,12,,21/07/2008,4184,8,Nacional,El zoológico enterró a la Mocosita cerca de donde vivió por décadas,,Gabriela Lehnhoff,Zoologico - Guatemala,Elefante La Mocosita Muere,Enterrada en el Zoologico,,,,,
23,Z,1.15,Revista,LVII,,6/07/2008,209,32-33,Viaje,Un día en la selva,,Ana Martínez de Zárete,Zoologico - Guatemala,Auto Safari,Escuintla y Taxisco,,,,,
24,Z,1.14,Prensa Libre,LVII,,1/04/2001,18753,2,Primer Plano,Zoológico recibe a nueva inquilina,,Alberto Ramírez,Zoologico - Guatemala,Zoologico - La Aurora,Elefante,,,,,
25,Z,1.13,Revista,-,,22/07/2007,159,11,-,Compañeros sentimentales y de jaula,,Julieta Sandoval,Zoologico - Guatemala,Zoologico - La Aurora,,,,,,
26,Z,1.12,El Periódico,10,,16/01/2016,3287,35,-,MOCOSITA FUE IDEA DE...,,Óscar F. Herrera,Zoologico - Guatemala,Zoologico - La Aurora,Mocosita,,,,,
27,Z,1.1,Siglo XXI ,15,,5/02/2005,5358,15,-,EL ZOO RECIBE NUEVOS HUÉSPEDES,,Ana Lucía Ola,Zoologico - Guatemala,Zoologico - La Aurora,"Canguros, Wallabys y Emús",,,,,
28,Z,1.1,Siglo XXI ,15,,23/01/2005,5345,6,Nacional,La Mocosita cumple 54 años,,Patricia Orantes,Zoologico - Guatemala,Zoologico - La Aurora,Elefante,,,,,
29,Z,1.9,El Periódico,7,,19/03/2003,2274,31,Nacional,SAFARI NOCTURNO,,José Luis Pos,Zoologico - Guatemala,Safari Nocturno,,,,,,
30,Z,1.8,Prensa Libre,51,,3/02/2002,16526,19,Reportaje: Ciudad,Historias para contar de un zoo,,José Toledo Ordóñez,Zoologia,,,,,,,
31,Z,1.7,El Periódico,5,,25/08/2001,1716,7,Pagina Verde,EL SAPO: Un bonachon feo y con mala fama,,Paola Hurtado,Zoologia - Guatemala,El sapo,,,,,,
32,Z,1.6,El Periódico,4,,24/09/2000,1390,20,La Aurora: Historia de un Zoologico,La Aurora: Historia de un Zoologico,,"Luis Urrutia, Jesus Alfonso",Zoologico - Guatemala,"""La Aurora""",,,,,,
33,Z,1.5,Siglo XXI ,11,,5/09/2000,3763,25,Vida,Los niños padrinos del jaguar,,Lorena Callejas,Zoologico - Guatemala,"""La Aurora""",,,,,,
34,Z,1.4,Prensa Libre,-,,8/08/1999,,-,Reportaje: Central,Aventura Salvaje,,Ana Lucia González,Zoologico - Guatemala,Zoologico La Aurora,,,,,,
35,Z,1.3,Siglo XXI ,10,,5/09/2025,3332,16-17,Time Magazine,"Los gorilas del Congo, amenzados en su hábitad natural, han encontrado un santuario en el zoológico del Bronx, en Nueva York",,Eugene Linden,Zoológicos ,Animales en cautiverio,,,,,,
36,Z,1.2,El Grafico,XXXV,,10/02/1998,11960,18,Reportaje Especial,"Zoológico ""La Aurora""",,Aura Mazariegos,Zoologico - Guatemala,,,,,,,
37,Z,1.1,Prensa Libre,44,,20/11/1994,,26,Reportaje,Los parques zoológicos se convierten en Arcas de Noé,,Gabriele Chuallek,Parques Zoologicos,,,,,,,
38,V,1.8,Prensa Libre,LXVI,,29/06/2017,22091,22,Actualidad,Ciberataque mundial es difícil de detener,,-,Virus informaticos,Delitos por computador,Seguridad  en computadores,,,,,
39,V,1.7,El Periódico,21,,28/06/2017,7370,15,Inversion,Nuevo ciberataque aterra al mundo,,-,Virus informaticos,Delitos por computador,Extorsion,,,,,
40,V,1.6,El Periódico,LXXI,,22/05/2017,22053,20,Actualidad,El secuestro de datos es una amenaza para America,,Virus informáticos,Delitos por computador,,,,,,,
41,V,1.5,El Periódico,91,,17/05/1991,7328,21,-,"Corea del Norte, tras ciberataque global",,Virus informáticos,Corea del Norte,Delitos por computador,,,,,,
42,V,1.4,Prensa Libre,LXVI,,16/05/2017,22047,14,Mundo economico,Guatemala corrió con suerte ante el ciberataque,,Rosa María Bolaños,Virus informaticos,Delitos por computador,,,,,,
43,V,1.3,Prensa Libre,LXXI,,16/05/2017,22047,15,Mundo economico,Cientos de países arrastran estragos de WannaCry,,Rosana Rojas,Virus informaticos,Delitos por computador,,,,,,
44,V,1.2,Prensa Libre,LXVI,,15/05/2017,22041,5,Primer Plano,Expertos temen nuevos estragos de ciberataque,,Rosana Rojas,Virus informaticos,Delitos por computador,,,,,,
45,V,1.1,El Periódico,21,,14/05/2016,7325,8,Mundo,Ciberataque extiende sus efectos a nivel mundial ,,-,Virus informaticos,Delitos por computador,,,,,,
46,V,1.14,Prensa Libre,LXXIV,,15/07/2025,,16,Internacional,Subirá precio de visa para turista,,E. Dávila y W. Oliva,Visas,Precio de visas,Visas para turistas,,,,,
47,V,1.13,Prensa Libre,LXXIV,,30/05/2025,,28,Internacional,Visados aumentan tensión geopolítica,,"William Oliva, AFP y EFE",Visas,Estudiantes extranjeros,Seguridad Nacional,Universidades,,,,
48,V,1.12,Prensa Libre,LXXIV,,23/12/2024,,12,Mundo económico,Incertidumbre en programa de visas para extranjeros,,Voz de América,Visas,Programa de visas,Donald Trump,,,,,
49,V,1.11,Prensa Libre,LXIX,,19/04/2020,23104,8,PLD Actualidad,Por Covid-19 Reactivan visas de trabajo temporales ,,Irving Escobar y Urías Gamarro,Visas - Guatemala,Visas H - Z,Temporales,,,,,
50,V,1.1,Prensa Libre,LXIX,,26/02/2020,23053,16,Actualidad,Estafadores piden hasta Q10 mil por visa agrícola,,Natiana Gándara,Visas,Visas temporales - Agrícolas,Ministerio de trabajo,,,,,
51,V,1.9,Prensa Libre,LXIX,,10/02/2020,23037,8,Actualidad,Detectan estafas con visas agrícolas,,Inving Escobar,Visas,Visas laborales agrícolas,Estafa - visas laborales,,,,,
52,V,1.8,Prensa Libre,LXIX,,20/01/2020,23016,16,Actualidad,El auge de trabajadores invitados en EE.UU.,,-,Visas ,Visas temporales - EE.UU,Trabajadores invitados - EE.UU,,,,,
53,V,1.7,Prensa Libre,LXIX,,4/01/2020,23000,12,Actualidad,Masiva solicitud de visas agrícolas ,,Natiana Gándara,Visas,Visas laborales - EE.UU,Acuerdo migratorio - Guatemala - EE.UU,,,,,
54,V,1.6,Prensa Libre,LXVIII,,27/09/2019,22903,6,Actualidad,Excluyen a país de beneficio,,Mariajosé España,Visas,"Programa ""loteria de visas""",Gobierno EE.UU,,,,,
55,V,1.5,El Periódico,23,,20/08/2019,8136,5,Nación ,Incremento de visas de trabajo aún no está en firme ,,-,Visas,Visas ,Visas temporales - Trabajos agrícolas ,Ministerio de agricultura - visas H2A,,,,
56,V,1.4,El Periódico,23,,2/09/2019,8156,10,inversión ,Prevalecen visas temporales para empleo agrícola,,-,Visas,Visas laborales - Temporales,NI,,,,,
57,V,1.3,Prensa Libre,LXVIII,,1/09/2019,22861,8,Actualidad,Plan de visas temporales rige desde hace dos años,,Natiana Gándara,Visas laborales temporales ,Acuerdo - Guatemala - EE.UU,NI,,,,,
58,V,1.2,Prensa Libre,LXVIII,,27/08/2019,22872,10,Actualidad,"Solicitudes de visas agrícolas van en alza, pese a incertidumbre",,Natiana Gándara,Visa laboral temporal,Trabajadores - Agrícolas ,NI,,,,,
59,V,1.1,Prensa Libre,LXVIII,,23/07/2019,,6,Actualidad,Podrian darse visas laborales temporales en sector agrícola,,"Sergio Morales, Mike Castillo y Miguel Barrientos",Visas laborales temporales ,Visas - Sector agrícola,EE.UU - Guatemala,,,,,
60,V,1.16,Prensa Libre,LXXIV,,9/09/2024,,32,Internacional,El país más afectado por mpox pide ayuda,,Samuel Roger Kamba,Viruela del mono (símica),Mpox,República del Congo,,,,,
61,V,1.15,Prensa Libre,LXXIII,,1/09/2024,,17,El mundo,R.D. del Congo ha guardado por años dosis contra mpox,,Stephanie Nolen,Viruela del mono (símica),Mpox,Vacunas,,,,,
62,V,1.14,Prensa Libre,LXXIII,,56/08/2024,,26,Salud y Vida,¿En qué consiste la VIRUELA DEL MONO?,,Adaya Gonzáles,Viruela del mono (símica),Mpox,Contagio,Síntomas,,,,
63,V,1.13,Prensa Libre,LXXIV,,24/08/2024,,22,Internacional,Advierten de aluvión de falsedades sobre viruela,,-,Viruela del mono (símica),Mpox,OMS,Homofobia,Muerte - Causas,,,
64,V,1.12,Prensa Libre,LXXIV,,23/08/2024,,32,Internacional,Asia registra primer caso de mpox,,EFE,Viruela del mono (símica),Mpox,OMS,Emergencia Sanitaria,,,,
65,V,1.11,Prensa Libre,LXXIV,,24/08/2024,,21,Internacional,Aumentan casos de mpox y región vigilia,,"AFP, EFE",Viruela del mono (símica),Mpox (Enfermedad  Zoonótica),Muerte - Causas,,,,,
66,V,1.1,Prensa Libre,LXXIV,,20/08/2024,,21,Comunitario,Nueva cepa de viruela podría ser más rápida,,The New York Times,Viruela del mono (símica),Mpox - Epidemia,OMS,,,,,
67,V,1.9,Prensa Libre,LXXIII,,17/08/2024,,3,Actualidad,Salud emite aleta por casos de viruela símica,,"Alex Rojas, Estuardo Gasparico M., Geovanni Contreras, Enrique García",Viruela del mono (símica),Ministerio de salud publica y asistencia social,Habitacion de hospitales,OMS,,,,
68,V,1.8,Prensa Libre,LXXIII,,16/08/2024,,20,Internacional,Alerta por rápido avance de la viruela símica,,William Oliva,Viruela del mono (símica),OMS,Mpox (monkey - pox),Muerte - Causas,,,,
69,V,1.7,Prensa Libre,LXXIII,,15/08/2024,,17,Internacional,OMS declara emergencia de viruela símica,,William Oliva,Viruela del mono (símica),OMS,Contagio,Muerte - Causas,,,,
70,V,1.6,Prensa Libre,LXXIL,,29/09/2022,,8,Salud y Vida,Salud no consigue rastrear más casos de viruela símica,,Ana Lucía Ola,Viruela del mono (símica),Ministerio de salud publica y asistencia social,Contagio,,,,,
71,V,1.5,El Periódico,26,,24/09/2022,,6,Nación ,Guatemala reporta 18 casos de la viruela del mono sin víctimas fatales,,EFE,Viruela del mono (símica),Epidemia,Enfermedades infecciosas,,,,,
72,V,1.4,El Periódico,26,,4/09/2022,,"12, 13",Centro,Contactos cercanos y viruela del mono. Mitos y realidades,,Geldi Muñoz Palala,Viruela del mono (símica),Contagio,Síntomas,,,,,
73,V,1.3,Prensa Libre,3,,4/09/2022,,3,Actualidad,Hombre de 31 años es el primer caso de viruela del mono en Guatemala,,"Julio Román, Andrea Domínguez, Henry Montenegro",Viruela del mono (símica),Epidemia,Ministerio de salud publica y asistencia social,Vacunas,,,,
74,V,1.2,Prensa Libre,LXXI,,11/08/2022,,3,Actualidad,Detectan tercer caso de viruela del mono,,"Julio Román, Andrea Domínguez",Viruela del mono (símica),Contagio,Vacunas,,,,,
75,V,1.1,Prensa Libre,LXXI,,28/07/2022,,3,Actualidad,Salud analiza la compra de vacunas contra viruela,,"Julio Román, María Andrea Domínguez",Viruela del mono (símica),Epidemia,Vacunas,Ministerio de salud publica y asistencia social,,,,
76,V,1.1,Prensa Libre,LXXI,,28/11/2021,,"13, 14, 15",Actualidad,pandemia trajo doble penuria a pacientes VIH,,Brenda Martínez,VIH,Pandemia,Tratamiento antirretroviral,,,,,
77,V,1.17,Prensa Libre,LXXIII,,17/02/2024,24489,8,Nación,Vacunan a más de mil hombres contra el VPH,,Ana Lucía Ola,Virus,Papiloma humano (VPH),Vacunas,,,,,
78,V,1.16,Prensa Libre,LXXIII,,28/12/2023,24439,6,Actualidad,Dosis contra VPH para 400 mil niños,,Ana Lucía Ola,Virus,Papiloma humano (VPH),Vacunas,,,,,
79,V,1.15,Prensa Libre,LXV,,15/07/2016,21746,44,Internacional,Expansión de zika sigue,,-,Virus,Zika,,,,,,
80,V,1.14,Prensa Libre,LXV,,8/07/2016,21739,4,Nacional,A luz casos de microcefalia,,Geldi Muñoz Palala,Virus,Zika,Niños recien nacidos,,,,,
81,V,1.13,El Periódico,20,,5/07/2016,7020,5,Nacional,Prensentan acciones para detener el Zika,,-,Virus,Zika,,,,,,
82,V,1.12,Prensa Libre,LXV,,3/06/2016,21704,18,Actualidad nacional,OPS alerta sobre fiebre amarilla,,Andrea Orozco,Virus,Fiebre amarilla,Zancudo,,,,,
83,V,1.11,Prensa Libre,LXV,,14/04/2016,21656,35,Internacional,Confirman vínculo entre zika y afección,,-,Virus,Zika,Microcefalia en fetos,,,,,
84,V,1.12,El Periódico,20,,14/04/2016,6938,2,,Vinculan al zika con defenctos neurológicos,,-,Virus ,Zika ,Cuidado y tratamiento,,,,,
85,V,1.1,Siglo XXI ,27,,30/03/2016,10254,5,Nacional,Guatemala tiene el nivel más bajo del Zika,,Jeraldy Rodríguez,Virus ,Zika ,Estadística,,,,,
86,V,1.9,El Periódico,20,,23/03/2016,6921,7,Nación,Confirman 217 casos de zika a nivel nacional,,-,Virus,Zika,Estadística,,,,,
87,V,1.8,Prensa Libre,LXV,,18/03/2016,21689,22,Actualidad nacional,Registran 261 casos de zika en cuatro meses,,Glenda Sánchez,Virus ,Salud,Centros de salud - Guatemala,,,,,
88,V,1.7,Siglo XXI ,27,,14/03/2016,10242,6,Nacional,"Sugieren mayor cuidado a embarazadas, por zika",,Jeraldy Rodríguez,Virus,Zika,Mujeres embarazadas (cuidados),,,,,
89,V,1.6,Prensa Libre,LXV,,9/03/2016,21614,26,Internacional,OMS lanza otra alerta por zika,,-,Virus,Zika,OMS,,,,,
90,V,1.5,Siglo XXI ,27,,9/03/2016,10337,8,Nacional,Atacarán el zika con tecnología nuclear,,-,Virus,Zika,,,,,,
91,V,1.4,Prensa Libre,LXV,,2/03/2016,21613,26,Internacional,Zika causa el mal Guillain-Barré,,-,Virus,Zika,Enfermedades,,,,,
92,V,1.3,Prensa Libre,LXV,,29/01/2016,21580,39,Internacional,"Virus se propaga rápido, dice OMS",,-,Virus,Zika,OMS,,,,,
93,V,1.2,El Periódico,20,,26/01/2016,6864,2,-,Datos clave sobre el virus zika,,-,Virus,Zika,,,,,,
94,V,1.1,Prensa Libre,LXV,,9/02/2016,21591,6,Actualidad nacional,Salud confirma 112 casos de zika,,Glenda Sánchez,Virus,Zika,Guatemala,,,,,
95,Z,1.7,Prensa Libre,LXIX,,18/02/2020,,14,Actualidad,Hallan supuestos fósiles,,Wilmer López,Zacapa,Estanzuela - zacapa,Fósiles de Mamut,,,,,
96,Z,1.6,Prensa Libre,LXVIII,,6/05/2019,,25,ciudades,Alarma por baja en caudal del río ,,Mario Morales,Zacapa,Rio- El Riachuelo - Bajo caudal,,,,,,
97,Z,1.5,El Periódico,20,,21/01/2016,,8,nación,Proyecto humanitario trabaja contra la desnutrición y la pobreza,,-,Zacapa,Proyectos de desarrollo,"Organizacion cristiana de beneficio social ""Esperanza de vida""",,,,,
98,Z,1.4,Siglo XXI ,26,,26/01/2016,,6,nacional,Reportan 29 casos de virus zika en Zacapa,,Byron Hernández,Zacapa,virus,zika,,,,,
99,Z,1.3,Prensa Libre,LXII,,10/02/2012,,6,Actualidad,ZONA SE POBLÓ EN EL SIGLO XVI  SAN JORGE quiere ser municipio,,Julio Vargas,Zacapa,Aldea San Jorge,,,,,,
100,Z,1.2,Siglo XXI ,18,,22/02/2008,,16,Página Verde,LAS GRANADILLAS UNO DE LOS ÚLTIMOS PULMONES DEL ORIENTE DEL PAÍS,,Claudia Palma,Zacapa,Las granadillas,,,,,,
101,Z,1.1,Prensa Libre,LIV,,5/12/2004,,24-25,Departamental,Zacapa La cuna del Sol ,,"Miguel Gonzáles, Gonzálo Hernández",Zacapa,Historia,,,,,,
102,W,1.6,DIARIO DE C.A.,CXXI,,13/02/2002,35614,15,Cultural,Gustavo Adolfo Wyld se confiesa,,Lic. Eduardo Gómez,"Wyld, Guatemala Adolfo",Wyld se confiesa,,,,,,
103,W,1.5,Siglo XXI ,7,,13/10/1996,,29,Guia 21,El tren,,Gustavo Adolfo Wyld,"Wyld, Guatemala Adolfo",,,,,,,
104,W,1.4,Siglo XXI ,6,,10/12/1995,,25,Guia 21,Dos inéditos de Gustavo Adolfo Wyld,,Gustavo Adolfo Wyld,Literatura Guatemalteca,"Wyld, Guatemala Adolfo",,,,,,
105,W,1.3,Siglo XXI ,5,,21/09/1994,1630,31,Guia 21,Gustavo Adolfo Wyld: Escribo sin concesiones para no sacrificar la autenticidad,,Felipe Valenzuela,Literatura Guatemalteca,"Wyld, Guatemala Adolfo",,,,,,
106,W,1.2,Siglo XXI ,-,,22/05/1994,,21,Guia 21,La herencia de Cayetano,,Gustavo Adolfo Wyld,Cuento Guatemalteco,"Wyld, Guatemala Adolfo",,,,,,
107,W,1.1,Siglo XXI ,3,,12/02/1993,,8,,El vicio supremo,,Oswaldo Salazar de León,"Wilde, Oscar - Critica e interpretación",,,,,,,
108,X,1.2,Prensa Libre,LXX,,25/05/2021,23501,7,Todo Noticias,Comunidad xinka,,-,Xincas,Comunidad Xinca,Guatemala,,,,,
109,X,1.1,Prensa Libre,LXX,,22/05/2021,23498,14,Actualidad,Preconsulta acuerda leantar estudio cultural,,Esbin García,Xincas,Minera San Rafael,,,,,,
110,Y,1.6,Siglo XXI ,-,,19/05/1994,1505,23,Int,"Yemen, el país mas pobre, fue en el pasado fuerte y rico",,EFE,Yemen,-,,,,,,
111,Y,1.5,Siglo XXI ,-,,17/05/1994,1503,17,Int,Yemen del Sur envía aviones para atacar a tropas norteñas,,-,Yemen,-,,,,,,
112,Y,1.4,Siglo XXI ,-,,10/05/1994,1496,16,Int,Yemenitas del Sur resisten ataques entre frentes,,AP,"Yemen- Revoluciones, 1994",,,,,,,
113,Y,1.3,El Grafico,-,,7/05/1994,10620,16,Int,Yemen sumido en guerra civil,,-,"Yemen- Revoluciones, 1994",,,,,,,
114,Y,1.2,Siglo XXI ,-,,7/05/1994,1493,16,Int,Se intencifica guerra civil en Yemen; parten extranjeros,,-,"Yemen- Revoluciones, 1994",,,,,,,
115,Y,1.1,La Hora,-,,5/05/1994,25572,28,Int,Ataque aéreo sudista en Yemen contra casa de gobierno en Sanaa,,-,"Yemen- Revoluciones, 1994",,,,,,,
116,V,1.14,Prensa Libre,59,,15/01/2009,,17,-,Fortificación de alimentos,,-,Vitaminas,Fortificación de alimentos,"Yodo, vitamina B1, B2, etc.",,,,,
117,V,1.13,DIARIO DE C.A.,129,,15/01/2009,,9,Salud,NUESTRO CUERPO NECESITA DE NUTRIENTES,,Daniela Galilea,Vitaminas,"Calcios, hierros, etc.",,,,,,
118,V,1.12,Prensa Libre,LVII,,9/01/2008,,47,-,Vitaminas para los 40,,Lucy Calderón,Vitaminas,,,,,,,
119,V,1.11,Prensa Libre,58,,13/10/2008,,74,Salud,El impacto de la vitamina D,,-,Vitaminas,"Vitaminas ""D""",,,,,,
120,V,1.1,Siglo XXI ,17,,28/03/2006,,7,Personal Journal,El lado oscuro de las vitaminas,,Tara Parker-Pope,Vitaminas,Ventajas y Desventajas,La mayoria puede causar enfermedades como el cancer,,,,,
121,V,1.9,Siglo XXI ,4,,11/04/2000,,26,Internacional,Viramina C podria evitar formacion de calculos biliares,,-,Vitaminas,"Vitamina ""c""",Calculos biliares,,,,,
122,V,1.8,Prensa Libre,49,,24/02/2000,,11,Vamos de Compras,Importancia del ácido fólico,,Doctora Marina Cornejo de Finer,Vitaminas,Acido fólico,,,,,,
123,V,1.7,Siglo XXI ,10,,1/02/2000,,24,-,"Riboflavina, generadora de energía ",,-,Vitaminas,Riboflaxina,Ingesta,,,,,
124,V,1.6,Siglo XXI ,10,,6/12/1999,,62,Vida,CoEnzima Q10 Un elemento vital,,-,Vitaminas,,,,,,,
125,V,1.5,Prensa Libre,XLIX,,24/10/1999,,10,-,Vitamina A la indispensable,,Hannelore Blohm,Vitaminas,Nutricion,Salud,,,,,
126,V,1.4,Prensa Libre,XLVIII,,20/07/1999,,6 y 7,Salud y Energía,Aliados contra el tiempo,,-,Vitaminas,Nutricion,,,,,,
127,V,1.3,Prensa Libre,48,,1/05/1999,,6,Salud y Energía,"Vitamina E, fuente de juventud",,Patricia Orellana,Vitaminas,Vitaminas E,,,,,,
128,V,1.2,Prensa Libre,48,,26/04/1995,,73,Buena Vida,Vitaminas y Minerales,,Lucy Calderón,Vitaminas,Nutricion-Salud,,,,,,
129,V,1.1,Prensa Libre,46,,10/12/1996,,46,Salud,Las vitaminas. indispensables en nuestra dieta,,-,Vitaminas,,,,,,,
130,V,1.36,Prensa Libre,LXXIV,,4/04/2025,,27,Internacional,EE. UU. confirma visita de Bukele,,EFE,Visitas presidenciales,Estados Unidos,Nayib Bukele,,,,,
131,V,1.35,Prensa Libre,LXXI ,,28/07/2022,23926,6,Actualidad,Rusia critica a Giammattei por visita a Ucrania,,Julio Román y Óscar García,Visitas presidenciales,Visita - Ucrania,,,,,,
132,V,1.34,El Periódico,18,,17/03/2014,,8,Nación,La agencia de la reina Sofía en Guatemala,,Edurne Navarro,Visitas presidenciales,Reina Sofía de España,,,,,,
133,V,1.33,Prensa Libre,LXII,,1/06/2013,,"2, 3 y 4",Primer plano,Encuentro Guatemala-México Reforzarán fronteras ,,Roxana Larios,Visitas presidenciales,Enrique Peña Nieto,México-Guatemala,,,,,
134,V,1.32,Siglo XXI ,18,,13/03/2007,6116,-,-,Bush Prevé reforma migratoria en agosto,,"Otto N. Ángel, Lesly Véliz",Visitas presidenciales,George W. Bush,,,,,,
135,V,1.31,El Periódico,11,,13/03/2007,3700,-,-,Combate al narcotráfico de forma conjunta ,,Abner Guoz,Visitas presidenciales,George W. Bush,,,,,,
136,V,1.3,Prensa Libre,LVI,,13/03/2007,18374,10,-,Policía choca con manifestantes,,Sonia Pérez D. y Leonardo Cereser,Visitas presidenciales,George Bush,Manifestaciones,,,,,
137,V,1.29,Prensa Libre,LVI,,13/03/2007,18374,12,-,Esposas de presidentes visitaron Camino Seguro,,Luisa F. Rodríguez Q.,Visitas presidenciales,Laura Bush,Wendy de Berger,,,,,
138,V,1.28,El Periódico,11,,12/03/2007,,2 y 3,,"Bush llega a Guatemala , su penúltima escala",,Rodrigo Estrada,Visitas presidenciales,George W. Bush,,,,,,
139,V,1.27,Siglo XXI ,18,,12/03/2007,,-,-,Revisarán avances del DR-CAFTA con Bush,,Beatriz Lix,Visitas presidenciales,George W. Bush,DR-CAFTA,,,,,
140,V,1.26,Siglo XXI ,18,,12/03/2007,,2 y 3,,"Bush, una visita sin esplendor",,Lesly Véliz,Visitas presidenciales,George W. Bush,,,,,,
141,V,1.25,Prensa Libre,LVI,,12/03/2007,,-,-,"seguridad, posicionada en Iximché y Sta. Cruz Balanyá",,Lorena Seijo,Visitas presidenciales,George W. Bush,,,,,,
142,V,1.24,Prensa Libre,LVI,,12/03/2007,,-,-,"""Me da gusto estar acá""",,Francisco González y Luisa F. Rodríguez,Visitas presidenciales,George W. Bush,,,,,,
143,V,1.23,Siglo XXI ,18,,10/03/2007,,2,Nacional,"""Estas visitas raramente generan cosas concretas""",,Ivonne Gabet,Visitas presidenciales,George W. Bush,Relaciones exteriores-Guatemala,,,,,
144,V,1.22,Siglo XXI ,18,,10/03/2007,,13,Perspectiva ,¿De veras Bush nos ignora?,,Francisco Ancheyta,Visitas presidenciales,George Bush,Relaciones exteriores ,,,,,
145,V,1.21,Prensa Libre,LVI,,10/03/2007,,4,-,Tomado por el Servicio Secreto,,Lorena Seijo,Visitas presidenciales,George W. Bush,,,,,,
146,V,1.2,Prensa Libre,LVI,,9/03/2007,,5,-,Campos verdes recibirán a Bush,,Claudia Méndez V.,Visitas presidenciales,,,,,,,
147,V,1.19,Prensa Libre,LVI,,9/03/2007,,4,-,Seguridad externa,,-,Visitas presidenciales,George W. Bush,,,,,,
148,V,1.18,El Periódico,11,,9/03/2007,,2,-,Las 23 horas de Bush en Guatemala,,Antonio Ordoñez ,Visitas presidenciales,George W. Bush,,,,,,
149,V,1.17,Siglo XXI ,18,,9/03/2007,,-,-,País busca $30 millones que maneja Bush,,Otto N. Ángel,Visitas presidenciales,George W. Bush,,,,,,
150,V,1.16,El Periódico,11,,8/03/2007,,8,-,"""Extreme make over"" de Santa Cruz Balanyá",,Antonio Ordoñez ,Visitas presidenciales,George W. Bush,Santa Cruz Balayá,,,,,
151,V,1.15,Siglo XXI ,18,,7/03/2007,,6,,"Agenda social ""preocupa"" a Bush",,"Ericka Marroquín, Otto N. Ángel",Visitas presidenciales,George W. Bush,,,,,,
152,V,1.14,Siglo XXI ,18,,7/03/2007,,6,política,"Agenda social ""preocupa"" a Bush",,"Ericka Marroquín, Otto N. Ángel",Visitas presidenciales,George W. Bush,,,,,,
153,V,1.13,Siglo XXI ,18,,6/03/2007,,6,-, Gobierno ya no insistirá con TPS,,Rodrigo Pérez,Visitas presidenciales,George W. Bush,,,,,,
154,V,1.12,Prensa Libre,LVI,,6/03/2007,,2,,programas por US$460 millones,,Eduardo Smith,Visitas presidenciales,George W. Bush,,,,,,
155,V,1.11,Prensa Libre,LVI,,4/03/2007,,"3, 4 y 5",,Visita del presidente de EEUU Migrantes principal demanda,,Carlos Menocal,Visitas presidenciales,George W. Bush,,,,,,
156,V,1.1,Prensa Libre,LVI,,4/03/2007,,2,Actualidad,Mes internacional,,-,Visitas presidenciales,,,,,,,
157,V,1.9,Siglo XXI ,18,,2/03/2007,,-,,Zona Viva tendrá vigilancia extra,,Miriam Pacheco,Visitas presidenciales,George W. Bush,Seguridad,,,,,
158,V,1.8,Prensa Libre,LVI,,9/02/2007,,2 y 3,,País incluido en ofensiva geopolítica,,Martín Rodríguez P. y Luisa F. Rodríguez,Visitas presidenciales,George W. Bush,,,,,,
159,V,1.7,El Periódico,10,,13/09/2006,,3,,Fugaz visita de Evo Morales al país,,Andrés Dávila S.,Visitas presidenciales,Evo Morales,,,,,,
160,V,1.6,El Periódico,10,,18/06/2006,,14 y 15,,"""Si tuviera el poder, me gustaría llevar a juicio a esa persona que se llevó nuestro dinero""",,Sylvia Gereda Valenzuela,Visitas presidenciales,Vicepresidenta de Taiwán,TLC Guatemala - Taiwán,,,,,
161,V,1.5,Prensa Libre,LVII,,9/05/2006,,14,,la visita del príncipe Haakon,,-,Visitas presidenciales,Príncipe Haakon (Noruega),,,,,,
162,V,1.4,El Periódico,10,,20/01/2006,,3,,Colombia dará más apoyo contra el narcotráfico,,Antonio Ordoñez ,Visitas presidenciales,Combate al narcotráfico,Presidente de Guatemala y Colombia,,,,,
163,V,1.3,Prensa Libre,53,,26/03/2004,,23,Internacional,"Promesas, promesas y más promesas ",,Reny M. Bake ,Visitas presidenciales,Vicente Fox ,,,,,,
164,V,1.2,Siglo XXI ,15,,24/03/2004,5044,2 y 3 ,,Fox apoyará a migrantes,,"G. González, F Gonález, Walter Nájera y F. Quiñónez",Visitas presidenciales,Visita de Presidente Vicente Fox,,,,,,
165,V,1.1,Prensa Libre,48,,20/04/1999,,3,,Gerardi en la agenda,,Grupo Política y Poderes,Visitas presidenciales,Inglesia Católica,Juan Pablo II,,,,,
166,,,,,,,,,,,,,,,,,,,,
167,V,1.2,Prensa Libre,LXVIII,,6/07/2019,,12,Actualidad,Q250 MILLONES poyecta Expocasa,,Paula Ozaeta,Vivienda - Guatemala,Expocasa,,,,,,
168,V,1.19,El Periódico,23,,7/06/2019,,11,Inversion,Municipios deben proponer planes de vivienda social,,Geldi Muñoz Palala,Vivienda - Guatemala,Desarrollo Habitacional,Urbanismo,,,,,
169,V,1.18,Prensa Libre,LXVII,,29/08/2018,,19,Ciudades,Construyen vivienda social en la zona 6,,José Manuel Patzán,Vivienda - Guatemala,Edificio de departamentos,multifamiliar a bajo costo,,,,,
170,V,1.17,El Periódico,22,,25/08/2018,,5,Nación,Viviendas para damnificados por erupción del volcán de Fuego,,Geldi Muñoz Palala,Vivienda - Guatemala,Donativos,Volcán de fuego,,,,,
171,V,1.16,Prensa Libre,LXII,,23/04/2018,,12,Actualidad,Crece interés por invertir en sector vivienda,,Urías Gamarro,Vivienda - Guatemala,Enade (Encuentro nacional de empresarios),,,,,,
172,V,1.15,Prensa Libre,LXVII,,21/08/2018,,21,Ciudades,Esperan construir 200 casas,,Enrique Paredes,Vivienda - Guatemala,Volcán de Fuego,Damnificados,,,,,
173,V,1.14,El Periódico,22,,8/08/2018,,12,Inversion,Promueven crear instituto de vivienda para reactivar economía,,Geldi Muñoz Palala,Vivienda - Guatemala,Instituto del ahorro para la vivienda,Problemática habitacional,,,,,
174,V,1.13,Prensa Libre,LXVII,,80/08/2018,,12,actualidad,Sectores reaccionan a iniciativa de vivienda,,Rosa María Bolaños,Vivienda - Guatemala,Instituto del ahorro para la vivienda,Sistema de crédito para vivienda,Problemática habitacional,,,,
175,V,1.12,Prensa Libre,LXVII,,8/08/2018,,18,Ciudades,Vecinos de la vía férre exigen plan de vivienda,,José Manuel Patzán,Vivienda - Guatemala,Vivienda,Residentes antigua via del ferrocarril,metro riel,,,,
176,V,1.11,El Periódico,22,,3/08/2018,,10,Inversion,Construirán vivienda económica para segmento C- y D+,,Lorena Álvarez,Vivienda - Guatemala,Apartamentos económicos C- y D+,,,,,,
177,V,1.1,El Periódico,22,,29/07/2018,,6,Nación,Inicia traslado de damnificados a finca La Industria,,Evelyn Vásquez,Vivienda - Guatemala,Traslado de Damnificados,,,,,,
178,V,1.09,Prensa Libre,LXVII,,27/07/2018,,12,Actualidad,Sector vivienda podría reactivar la economía,,Urías Gamarro,Vivienda - Guatemala,Economía,,,,,,
179,V,1.08,Prensa Libre,LXVII,,26/07/2018,,20,ciudades,Deficiencias en viviendas construidas,,José Manuel Patzán,Vivienda - Guatemala,FOPAVI (fondo para la vivienda),Deficiencias en viviendas,,,,,
180,V,1.07,El Periódico,22,,16/07/2018,,"4, 5",Investigación,"Viviendas para víctimas del volcán estarán sobrevaloradas en Q28,5 millones",,-,Vivienda - Guatemala,Presupuesto,,,,,,
181,V,1.06,Prensa Libre,LXVII,,9/07/2018,,26,ciudades,Solo 17 casas de 200 han sido entregadas,,-,Vivienda - Guatemala,FOPAVI (fondo para la vivienda),,,,,,
182,V,1.05,El Periódico,22,,4/07/2018,,5,nación,El complicado camino hacia la vivienda prometida,,-,Vivienda - Guatemala,Desastres naturales,Volcán de Fuego,,,,,
183,V,1.04,Prensa Libre,LXVII,,19/06/2018,,22,ciudades,Construyen casas temporales a familia,,Julio Sacán ,Vivienda - Guatemala,Casas Temporales Damnificados,Volcán de Fuego,,,,,
184,V,1.03,El Periódico,22,,14/06/2018,,6,nación,Gobierno construirá mil casas para damnificados,,Cindy Espina,Vivienda - Guatemala,Volcán de Fuego - afectados,Donaciones,,,,,
185,V,1.02,Prensa Libre,4,,15/06/2018,,4,Actualidad,Ofrecen casas temporales a damnificados,,Carlos Álvarez,Vivienda - Guatemala,Vivienda de transición Damnificados,Volcán de Fuego,,,,,
186,V,1.01,Prensa Libre,14,,7/05/2018,22399,14,Actualidad,Cédulas hipotecarias crecerían hasta 10%,,Urías Gamarro,Vivienda - Guatemala,Cédulas hipotecarias,,,,,,
187,V,1.4,El Periódico,23,,3/02/2019,,9,Inversion,La demanda de vvienda vertical crecio 66 por ciento,,Evelin Vásquez,Vivienda - Guatemala,Vivienda - Crecimiento,Inversion,,,,,
188,V,1.39,Prensa Libre,LXVII,,29/04/2018,22391,14-17,Reportaje,Dime donde vives y sabras cuanto te cuesta,,E. Pitán y correspondencia,Vivienda - Guatemala,Plusvalia alta,,,,,,
189,V,1.38,Prensa Libre,LXVII,,16/04/2018,,24,Ciudades,Ya no hay terreno para edificar colonias,,E. Pitán ,Vivienda - Guatemala,Urbanismo,,,,,,
190,V,1.37,Prensa Libre,LXVII,LXVII,11/12/2017,,10,Actualidad,Dos años a la espera de un nuevo hogar,,Henry Estuardo Pocasangre,Vivienda - Guatemala,Caso el Cambray II,,,,,,
191,V,1.36,Prensa Libre,LXVII,,21/10/2017,,16,Ciudades,Salario minimo sera base para optar a vivienda,,E. Pitán ,Vivienda - Guatemala,Proyectos de vivienda,,,,,,
192,V,1.35,Prensa Libre,LXVII,,9/10/2017,,40-41,Ciudades,Invertiran en vivienda social,,  ,Vivienda - Guatemala,Proyectos de vivienda,Urbanismo,,,,,
193,V,1.34,Prensa Libre,LXVII,,4/10/2017,,17,Ciudades,Cada familia vivira en 50 metros cuadrados,,E. Pitán ,Vivienda - Guatemala,Edificios de apartamentos,,,,,,
194,V,1.33,Prensa Libre,LXVII,,29/09/2017,,21,Ciudades,Afectado del Cambray recibiran viviendas este año,,E. Pitán ,Vivienda - Guatemala,Caso el Cambray II,Desastres naturales,,,,,
195,V,1.32,El Periódico,21,,29/05/2017,,12,Inversion,Hogares se endeudan más para consumo que vivienda,,Lorena Alvarez,Vivienda - Guatemala,Prestamos Bancarios,Deuda publica,,,,,
196,V,1.31,Prensa Libre,LXVI,,24/03/2017,,20,Ciudades,Se impulsa elitización residencial en la zona 1,,E. Pitán ,Vivienda - Guatemala,Viviendas Verticales,,,,,,
197,V,1.3,El Periódico,21,,16/01/2017,,10,Inversion,Guatemala presenta el mayor déficit de calidad en vivienda,,Braulio Placios,Vivienda - Guatemala,Deficit en calidad ,,,,,,
198,V,1.29,Prensa Libre,LXVI,,8/02/2016,,20,Actualidad Nacional,Comuna construirá viviendas en zona 17,,E. Pitán ,Vivienda - Guatemala,Municipalida de Guatemala,Proyecto habitacional,,,,,
199,V,1.28,El Periódico,20,,21/10/2016,,10,Inversion,Viceministerio eliminará oenegés de los proyectos habitacionales,,Cyndi Espina,Vivienda - Guatemala,Proyectos habitacionales,ONG's fuera de proyectos,,,,,
200,V,1.27,El Periódico,20,,26/09/2016,7103,5,Investigación,Gestión de Anabella de León al frente del Registro bajo escrutinio,,Evelin Boche,Vivienda - Guatemala,Vivienda del vicepresidente,Jafeth Cabrero,,,,,
201,V,1.26,El Periódico,20,,4/07/2016,,10,Inversion,Subsidios a vivienda popular con poco impacto,,Manuel Silva,Vivienda - Guatemala,Guatemala-Política social,Corrupción,,,,,
202,V,1.25,El Periódico,20,,7/04/2016,,11,Inversion,Una solucion sostenible enfocada en el área rural ,,Manuel Silva,Vivienda - Guatemala,Vivienda-Encuesta,Vivienda rural,,,,,
203,V,1.24,Prensa Libre,LXV,,19/11/2015,,10,Actualidad Nacional,Proyecto recibe aportes y criticas,,Henry Estuardo Pocasangre,Vivienda - Guatemala,"Proyecto ""Querida Familia""",Cambray II,,,,,
204,V,1.23,Prensa Libre,LXV,,13/10/2015,,4,Cambray II ,Proyecto de vivienda costará Q20 millones,,Carlos Álvarez y Geovanni Contreras,Vivienda - Guatemala,San José Pinula,Reubicación Cambray 2,,,,,
205,V,1.22,Prensa Libre,LXV,,28/09/2015,,35,Mundo Económico,Alquiler social opera dos proyectos,,Rosa María Bolaños,Vivienda - Guatemala,Proyectos de compra de vivienda,Alquiler Social,,,,,
206,V,1.21,Prensa Libre,LXVIII,,17/08/2019,,14,Ciudades,El 60% de la población vive en zonas de riesgo,,Francisco Maurício Martinez,Vivienda - Guatemala,Ordenamiento territorial,Zonas de riesgo,,,,,
207,V,2.24,Prensa Libre,LXXIV,,9/08/2025,,5,Actualidad,Fopavi entrega 80' subsidios mensuales,,Sandy Pineda,Vivienda - Guatemala,Subsidios,FOPAVI,,,,,
208,V,2.23,Prensa Libre,LXXIV,,11/07/2025,,11,Mundo Económico,Proyectos mixtos tienen potencial de crecimiento,,Ximena Fernandez,Vivienda - Guatemala,Proyectos Inmobiliarios,,,,,,
209,V,2.22,Prensa Libre,LXXIV,,26/04/2025,,11,Mundo Económico,Más personas optarán a crédito,,Rosa María Bolaños,Vivienda - Guatemala,Banco de Guatemala,Credito Hipotecario Nacional,,,,,
210,V,2.21,Prensa Libre,LXXIV,,20/04/2025,24911,8-10,Analisis y Reflexion,Vivienda prioritaria: el programa municipal que se expande en la capital,,Ana Lucía González,Vivienda - Guatemala,Programa municipal,Vivienda popular,,,,,
211,V,2.2,Prensa Libre,LXXIV,,3/03/2025,24865,6-9,Actualidad,Crecimiento Vertical imparable,,Ana Lucía Gonzalez,Vivienda - Guatemala,Vivienda Vertical,Ciudad Capital,,,,,
212,V,2.19,Prensa Libre,LXXIV,,8/02/2025,,13,Mundo Económico,Programa de vivienda recibe más expedientes,,Glenda Burrión,Vivienda - Guatemala,LHN,Programa: Mi primera Casa,,,,,
213,V,2.18,Prensa Libre,LXXIV,,23/10/2024,,5,Actualidad,Anuncian fondo de vivienda,,Hedy Quino,Vivienda - Guatemala,Fondo de Vivienda,Credito de Vivienda,,,,,
214,V,2.17,Prensa Libre,LXXIII,,11/07/2024,,8.9,Analisis y Reflexion,Su objetivo fue dar casa propia a todos,,Brenda Martínez,Vivienda - Guatemala,Vivienda Popular,Programas Parciales,Guatemala-historia,,,,
215,V,2.16,Prensa Libre,LXXIII,,8/11/2023,,8,Nación,Vivienda aún es inaccesible para clases populares,,Sergio Morales Rodas,Vivienda - Guatemala,Ley acceso a la vivienda,,,,,,
216,V,2.15,Prensa Libre,LXXIII,,9/09/2023,,8,Comunitario,Desorden territorial eleva el riesgo de desastres,,José Manuel Patzán,Vivienda - Guatemala,Ordenamiento territorial,Desastres naturales,,,,,
217,V,2.14,Prensa Libre,LXXIL,,8/09/2022,,3,Actualidad,Grieta se extiende y vecinos son evacuados,,"César Pérez, Andrea Domínguez y Oscar García",Vivienda - Guatemala,Conred - Desastres,Evaciación,,,,,
218,V,2.13,Prensa Libre,LXXI ,,7/05/2022,,10,Mundo económico,Miles de familias sobreviven en asentamientos,,Rosa María Bolaños,Vivienda - Guatemala,Asentamientos humanos,Deficit,,,,,
219,V,2.12,Prensa Libre,LXXI ,,22/04/2022,,11,Mundo económico,Ley facilita obtención de crédito para vivienda,,Urías Gamarro,Vivienda - Guatemala,Vivienda - Ley de Interéz Preferencial LIP,Vivienda - Beneficios,,,,,
220,V,2.11,Prensa Libre,LXXI ,,7/02/2022,,14,Mundo económico,Aumenta contrucción de vivienda en la provincia,,N. gándara y U. Gamarro,Vivienda - Guatemala,Provincia,,,,,,
221,V,2.1,Prensa Libre,LXVIII,,7/10/2019,,39,Ciudades,Quince familias reciben vivienda,,Carlos Enrique Paredes,Vivienda - Guatemala,Escuintla,Damnificados,,,,,
222,V,2.9,Prensa Libre,LXVIII,,3/10/2019,,20,Ciudades,Reparan viviendas en La Dignidad,,Carlos Enrique Paredes,Vivienda - Guatemala,Damnificados - volcán de fuego,"Colonia La Dignidad, Fase 1 - Escuintla",,,,,
223,V,2.8,Prensa Libre,LXVIII,,20/09/2019,,13,Ciudades,Viviendas nuevas ya tienen daños,,Carlos Enrique Paredes,Vivienda - Guatemala,Viviendas - Damnificados volcán de fuego,Daños - casas,,,,,
224,V,2.7,Prensa Libre,LXVIII,,14/04/2019,,22,Ciudades,Hábitat entrega 17 viviendas más,,La Redacción,Vivienda - Guatemala,Donación - Damnificados - volcán de fuego,Habitat para la Humanidad - Palín,,,,,
225,V,2.6,Prensa Libre,LXVIII,,13/02/2019,,18,Actualidad,Damnificados recibirán lote para vivienda,,Julio Sicán,Vivienda - Guatemala,Damnificados - volcán de fuego,Construcción de viviendas,,,,,
226,V,2.5,Prensa Libre,LXVIII,,8/07/2019,,22,Ciudades,Se retrasa construcción de 45 casas en Escuintla,,Carlos Enrique Paredes,Vivienda - Guatemala,Construcción de Casas,Damnificados - Volcán de fuego,,,,,
227,V,2.4,Prensa Libre,LXVIII,,27/06/2019,,16,Actualidad,Demanda favorece la construcción vertical,,Rosa María Bolaños,Vivienda - Guatemala,Construcción Vertical,Demanda de apartamentos,,,,,
228,V,2.3,El Periódico,23,,15/05/2019,,4,Nación,Entregan primeras casas a sobrevivientes de erupción de volcán,,Cindy Espina,Vivienda - Guatemala,Entrega de casas - Sobrevivientes de Erupción,Ministerio de Comunicaciones Infraestructura y vivienda (CIV),,,,,
229,V,2.2,El Periódico,23,,18/03/2019,,6,Nación,Fopavi otorgó Q136.2 millones para vivienda popular en 2018,,Enrique García ,Vivienda - Guatemala,Fopavi - Construcción de viviendas,,,,,,
230,V,2.1,El Periódico,23,,10/03/2019,,6,Nación,Un nuevo comienzo en finca la Esperanza,,El Periódico,Vivienda - Guatemala,Fundación Adentro -  Ricardo Arjona,Sobrevivientes - Erupción volcán de Fuego,,,,,
231,V,3.4,El Periódico,22,,28/08/2018,7787,6-7,Corazones Unidos,Una historia de erupciones,,El Periódico,Volcanes,Volcan de Fuego,Actividad volcanica,,,,,
232,V,3.39,Prensa Libre,LXVII,,27/08/2018,22511,4,Actualidad,Cientificos estudian el Volcán de Fuego,,Francisco Mauricio Martinez,Volcanes,Volcan de Fuego,Estudio de campo,Cientificos,,,,
233,V,3.38,Prensa Libre,LXVII,,1/07/2018,22454,19,Hemeroteca,EL SANTIAGUITO OBLIGÓ A TRASLADAR EL PALMAR,,Nestor Galicia,Volcanes - Guatemala,Volcan Santiaguito,,,,,,
234,V,3.37,Prensa Libre,LXVII,,30/06/2018,22453,4,Actualidad,Más de 27 mil personas podrían ser evacuadas por riesgo volcánico,,Carlos Alvarez,Volcan de Fuego,Conred - Desastres,Comunidades en riesgo,,,,,
235,V,3.36,Prensa Libre,LXVII,,24/06/2018,22497,20-23,Reporte,La vida a la sombra del volcan de fuego,,Bill Barreto,Volcanes - Guatemala,Volcan de Fuego,Poblacion-Guatemala-Demografia,,,,,
236,V,3.35,Prensa Libre,22,,11/03/2018,22344,4,Así lo viví,Detectores de erupciones,,Erick Reyes Andrade,Volcanes - Guatemala,Erupciones,,,,,,
237,V,3.34,Prensa Libre,LXVII,,2/02/2018,22307,10,Actualidad,Volcan de fuego tuvo 20 horas de actividad,,Eduardo Gonzalez,Volcanes - Guatemala,Volcan de Fuego - Erupción,,,,,,
238,V,3.33,El Periódico,22,,2/02/2018,7584,2,Nación,Concluye fase eruptiva,,-,Volcanes - Guatemala,Volcan de Fuego -Ceniza,Cambio Climaticos,,,,,
239,V,3.32,Prensa Libre,LXVII,,18/12/2017,22267,22,Medio ambiente,Enorme erupción volcánica podría desatar El Niño,,DPA/AFP,Volcanes - Guatemala,Cambio Climaticos,,,,,,
240,V,3.31,Prensa Libre,LXVII,,7/01/2018,22281,8,Expreso,Turistas desafían al volcán Acatenango,,Victor Chamalé,Volcanes - Guatemala,Climatología,Turismo- Guatemala,,,,,
241,V,3.3,Prensa Libre,LXVI,,22/08/2017,22145,21,Ciudades,Ceniza del Volcán de Fuego afecta cultivos,,Victor Chamalé,Volcanes - Guatemala,Erupciones,Volcan de Fuego,,,,,
242,V,3.29,Prensa Libre,LXXI,,17/06/2017,22079,22,Todo noticia,Divulgan guía de volcanes del país,,-,Volcanes - Guatemala,Turismo - Guatemala,,,,,,
243,V,3.28,Prensa Libre,LXVI,,7/06/2017,,21,Chimaltenango,Erupción daña cultivos de maiz,,Victor Chamalé,Volcanes - Guatemala,Volcán de Fuego - Guatemala ,Agricultura - Guatemala,,,,,
244,V,3.27,Prensa Libre,LXVII,,24/05/2017,,20,Ciudades,Denuncian excursiones ilegales en volcanes,,Calos Ventura,Volcanes - Guatemala,Turismo ecológico,Evaluacion de riesgos,,,,,
245,V,3.26,Prensa Libre,LXVI,,6/05/2017,22037,10,Actualidad,Arena volcánica cubre poblados,,Enrique Paredes,Volcanes - Guatemala,Estado atmosférico,,,,,,
246,V,3.25,Prensa Libre,LXVI,,6/04/2017,22009,24,Ciudades,Instalado refugio en el Acatenango,,Víctor Chamalé,Volcanes - Guatemala,Volcán Acatenango - Chimaltenango,Refugio Térmico,,,,,
247,V,3.24,Prensa Libre,LXVI,,4/04/2011,22007,21,Provincia,Erupción daña plantas de café,,Víctor Chamalé,Volcanes - Guatemala,Volcan de Fuego,Desastres naturales - Guatemala,,,,,
248,V,3.23,Prensa Libre,LXVI,,10/01/2017,21925,24,Departamental,Limitan ascenso al volcán Acatenango,,José  Rosales,Volcanes - Guatemala,Volcán Acatenango - Chimaltenango,Tragedia,,,,,
249,V,3.22,Prensa Libre,LXVI,,11/01/2017,21924,3,-,Entidades evaden su papel en el turismo de volcanes,,Carlos Álvarez y Víctor Chamalé,Volcanes - Guatemala,Turismo de volcanes,Tragedia - Volcán Acatenango,,,,,
250,V,3.21,Siglo XXI ,27,,10/01/2017,10531,6,Nacional,Retomarán proyecto de ascensos a volcanes,,Yerdi Callejas,Volcanes - Guatemala,INGUAT,Regulación de ascenso a volcanes,,,,,
251,V,3.2,El Periódico,21,,22/11/2010,7160,6,Nacional,Columna de ceniza alcanza 5 mil metros,,Rony Véliz,Volcanes - Guatemala,Volcán de Fuego,,,,,,
252,V,3.19,Prensa Libre,LXVI,,4/10/2016,21827,18,Departamental,Se reactica Volcán de Fuego,,Carlos Paredes y Melvin Sandoval,Volcanes - Guatemala,Volcán de Fuego,,,,,,
253,V,3.18,Siglo XXI ,27,,26/09/2016,10431,5,Nacional,Volcán Santiaguito lanza lluvia de ceniza,,"Rony Véliz, Anaed Ruiz",Volcanes - Guatemala,Volcán Santiaguito,Erupciones,,,,,
254,V,3.17,Prensa Libre,LXV,,19/08/2016,21781,24,"Departamental, Actualidad",Santiaguito no cesa actividad,,"Carlos Ventura, Rolando Miranda",Volcanes - Guatemala,Volcán Santiaguito,,,,,,
255,V,3.16,El Periódico,20,,17/08/2016,7063,2,Departamental,Ceniza del Santiaguito llega a México,,-,Volcanes - Guatemala,Volcán Santiaguito,,,,,,
256,V,3.15,Prensa Libre,22,,25/07/2016,21756,22,"Actualidad, Nacional",TIPO DE ERUPCIÓN Y DE MATERIALES SON DISTINTOS CURIOSAS DIFERENCIAS,,Carlos Álvarez,Volcanes - Guatemala,Erupción ,Características,,,,,
257,V,3.14,Prensa Libre,LXV,,10/07/2016,21741,2 - 4,De portada,Inminente erupción del Santiaguito A merced del volcán,,Carlos Álvarez,Volcanes - Guatemala,Volcán Santiaguito,,,,,,
258,V,3.13,Prensa Libre,LXV,,3/12/2015,21525,25,,Material volcánico daña cultivos,,R. Miranda,Volcanes - Guatemala,Volcán Santiaguito,Maga,,,,,
259,V,3.12,Prensa Libre,LXV,,20/06/2016,21721,10,Departamental,Ceniza afecta a comunidades,,Carlos Ventura,Volcanes - Guatemala,Volcán Santiaguito,,,,,,
260,V,3.11,Prensa Libre,LXV,,29/06/2016,21730,6,Actualidad Nacional,Coloso aumenta actividad ,,Carlos Álvarez,Volcanes - Guatemala,Volcán Santiaguito,,,,,,
261,V,3.1,Prensa Libre,LXV,,2/07/2016,21733,17,Departamental,Santiaguito causa alarma,,"Óscar García, Oscar Felipe Quisque, Miguel Barrientos, Yanira Alvizúres",Volcanes - Guatemala,Explosión,Alerta por ceniza y humo,,,,,
262,V,3.09,Prensa Libre,LXVIII,,3/07/2019,22817,20,Ciudades,Volcán de Fuego tiene en alerta a pobladores,,Enrique Paredes,Volcanes - Guatemala,Actividad - volcán de fuego,Pobladores en Alerta,,,,,
263,V,3.08,Prensa Libre,LXVIII,,3/06/2019,22737,10,Actualidad,Vigilar volcán no es suficiente,,Carlos Alvarez,Volcanes - Guatemala,Comunidades en Riesgo,Volcán de Fuego,,,,,
264,V,3.07,Prensa Libre,LXVIII,,1/04/2019,7999,8,Actualidad,Nueva alerta por Volcán de Fuego,,Andrea Orozco,Volcanes - Guatemala,Alerta - Insivumeh - Conred,Posible Erupción - Volcán de Fuego,,,,,
265,V,3.06,Prensa Libre,2019,,23/01/2019,22658,20,Ciudades,Retumbos alarman a pobladores,,Enrique Paredes,Volcanes - Guatemala,Volcán de Fuego,Alerta en Escuintla,,,,,
266,V,3.05,Prensa Libre,LXVIII,,31/12/2018,22636,4,Actualidad,Erupción ensanchó cráter del Volcán de Fuego,,Carlos Alvarez,Volcanes - Guatemala,Volcán de Fuego,,,,,,
267,V,3.04,El Periódico,23,,6/11/2019,8214,"2, 5","Guatemala, Extraordinaria",LA CADENA VOLCÁNICA,,Ana Lucía González,Volcanes - Guatemala,Territorio Volcánico,,,,,,
268,V,3.03,Prensa Libre,LXVIII,,20/08/2019,22865,14,Ciudades,Regresarán a buscar víctimas,,Enrique Paredes,Volcanes - Guatemala,Victimas volcán de Fuego,Busqueda de cuerpos,,,,,
269,V,3.02,Prensa Libre,LXVIII,,4/08/2019,22849,6,Actualidad,Conred recomienda evacuar a 156 familias,,César Pérez Marroquín,Volcán de Fuego,Evacuación - Familias,Actividad - Volcán de Fuego,,,,,
270,V,3.01,El Periódico,23,,8/07/2019,,8,Nación,Aumenta actividad del Santiaguito,,Óscar F. Herrera,Volcanes - Guatemala,Volcán Santiaguito,Actividad volcánica,,,,,
271,V,4.18,Prensa Libre,LXXIV,,12/07/2025,,13,Mundo Económico,Volcán de ipala atrae visitantes,,Rosa María Bolaños,Volcanes - Guatemala,Volcán de ipala,,,,,,
272,V,4.17,Prensa Libre,LXXIV,,7/06/2025,24959,10,Actualidad,Merma actividad del volcán de Fuego,,Redacción,Volcanes - Guatemala,Volcán de Fuego,Desastres Naturales- Guatemala,,,,,
273,V,4.16,Prensa Libre,LXXIV,,6/06/2025,24958,4-5,Actualidad,Volcán de fuego pone en alerta a la costa sur,,"A. Domínguez y O. Garcia, P. Arellano y M. Barrientos",Volcanes - Guatemala,Volcán de Fuego,Deslaves,Desastres Naturales- Guatemala,,,,
274,V,4.15,Prensa Libre,LXXIII,,11/06/2024,24602,16.17,Guatemala viva,Majestuosos volcanes,,-,Volcanes - Guatemala,Turismo,INGUAT,,,,,
275,V,4.14,Prensa Libre,LXXIII,,10/06/2024,24601,7,Actualidad,Volcán expulsa gas y ceniza,,AFP,Volcanes - Guatemala,Volcán de Fuego,Actividad Explosiva,,,,,
276,V,4.13,Prensa Libre,LXXII,,5/05/2023,24203,6,Actualidad,Persiste alerta anaranjada por erupción,,Redacción,Volcanes - Guatemala,Desastres Naturales,Evacuación,,,,,
277,V,4.12,Prensa Libre,LXXII,,12/12/2022,24063,3,Actualidad,Erupción interrumpió varios vuelos,,AFP y Oscar García ,Volcanes - Guatemala,Cierre aeropuerto La Aurora,Actividad eruptiva,,,,,
278,V,4.11,Prensa Libre,LXXLI,,10/12/2022,24065,11,Imágenes,Volcán de Fuego sigue en actividad,,Antonio Jiménez,Volcanes - Guatemala,Actividad volcánica,Volcán de Fuego,,,,,
279,V,4.1,Prensa Libre,LXXII,,5/06/2022,23903,3,Actualidad,Volcán de Fuego eleva su actividad,,Julio Román,Volcanes - Guatemala,Volcán de Fuego,Actividad eruptiva,,,,,
280,V,4.9,Prensa Libre,LXXI ,,9/04/2022,,8.9,DLT Comunitario,Montañitas desafían sin permiso la fuerza del volcán Santiaguito,,Raul Barreno Castillo,Volcanes - Guatemala,Excursiones,,,,,,
281,V,4.8,Prensa Libre,LXXI ,,8/03/2022,23786,8,Actualidad,Actividad en volcán podría aumentar,,William Oliva y Carlos Paredes,Volcanes - Guatemala,Volcán de Fuego,Explosiones,,,,,
282,V,4.7,Prensa Libre,LXXI ,,9/03/2022,23787,6,Actualidad,Termina erupción pero deja cultivos destruidos,,Julio Román y Pavel Arellano,Volcanes - Guatemala,Volcán de Fuego,Erupción,,,,,
283,V,4.6,El Periódico,26,,18/02/2022,9022,6,Nación,La ceniza que expulsa el volcán de Fuego alcanza seis comunidades,,elPeriodico,Volcanes - Guatemala,Volcán de Fuego,Explosiones,,,,,
284,V,4.5,Prensa Libre,LXXI,,31/01/2022,23750,4,Actualidad,Santiaguito vuelve a asustar a vecinos,,Victoria Ruiz,Volcanes - Guatemala,Volcán Santiaguito,,,,,,
285,V,4.36,Prensa Libre,LXXI,,29/01/2022,23748,16.17,fotorreportaje,La vida a los pies del coloso,,Antonio Jimenez,Volcanes - Guatemala,Volcán Pacaya,,,,,,
286,V,4.4,El Periódico,23,,27/11/2018,7878,8,Nación,Caída de ceniza de volcán de Fuego amenaza a la ciudad,,-,Volcán de Fuego,Desastres Naturales,,,,,,
287,V,4.3,Prensa Libre,LXVIII,,13/10/2018,22558,4,Actualidad,Aldeas fueron evacuadas por algunas horas,,Francisco Martínez,Volcanes - Guatemala,Volcán de Fuego,Conred,,,,,
288,V,4.2,Prensa Libre,LXVIII,,30/09/2018,22245,12-14,-,Los huesos hablan de lo que ocurrió en la erupción,,Ana Lucia Ola,Volcanes - Guatemala,Volcán de Fuego,Huesos,,,,,
289,V,4.1,Prensa Libre,LXVIII,,9/09/2018,22524,7,Expreso,Incrementan vigilacia en fisura del Volcán de Fuego,,Ana Lucía Ola,Volcanes - Guatemala,Volcán de Fuego,,,,,,
290,V,3.24,Prensa Libre,LXXIV,,29/07/2025,,18,Salud y Vida,Nueva vacuna reduce número y tamaño de METÁSTASIS,,EFE,Vacunas,Tumores,,,,,,
291,V,3.23,Prensa Libre,LXXIV,,10/03/2025,,23,Salud y Vida,ABC DE LA VACUNACIÓN INFANTIL,,Ingrid Reyes,Vacunas,Vacunación Infantil,,,,,,
292,V,3.22,Prensa Libre,LXXIV,,6/01/2025,,"16, 17",Salud y Vida,LAS VACUNAS CONTRA EL CÁNCER,,"The Conversation, María D. Mayán Santos",Vacunas,Cáncer,,,,,,
293,V,3.21,Prensa Libre,LXXIV,,23/11/2024,,6,Actualidad,Vacunación ya no será rquisito para entrar a hogares ,,Ana Lucía Ola,Vacunas,Ley de vacunación,Vacunación voluntaria,,,,,
294,V,3.2,Prensa Libre,LXXIV,,9/11/2025,,7,Actualidad,Cobertura de vacunas continúa en descenso,,Ana Lucia Ola,Vacunas - Guatemala,Esquema básico,Cobertura descenso,,,,,
295,V,3.19,Prensa Libre,LXXIV,,9/11/2025,,7,Actualidad,Cobertura de vacunas continúa en descenso,,Ana Lucia Ola,Vacunas ,Vacunación Infantil,,,,,,
296,V,3.18,Prensa Libre,LXXIV,,15/09/2016,,20,El mundo,Se dispara la polio al modificar vacuna,,Apoorva Mandavilli,Vacunas,Polivirus,Historia,,,,,
297,V,3.17,Prensa Libre,LXXIII,,3/08/2024,,7,Actualidad ,Vacunarán a niños de 2 a 5 años,,Ana Lucia Ola,Vacunas,Vacunación sarampión,Vacunación poliomelítis,Campaña nacional,,,,
298,V,3.16,Prensa Libre,LXXIII,,3/06/2024,,18 y 19,Salud y Vida,¿Qué vacunas necesitan los adultos?,,Ingrid Reyes,Vacunas,Adulto mayor,Enfermedades infecciosas,,,,,
299,V,3.15,Prensa Libre,LXXIII,,2/06/2024,,5,Actualidad,Vacuna contra el sarampión está rezagada,,Ana Lucía Ola,Vacunas,Sarampión ,Enfermedades infecciosas,,,,,
300,V,3.14,Prensa Libre,LXXIII,,16/05/2024,,6,Actualidad,Vacunación sigue por debajo del nivel ideal,,Ana Lucía Ola,Vacunas,Acceso a dosis,Enfermedades inmunoprevenibles,,,,,
301,V,3.13,Prensa Libre,LXXIII,,25/04/2024,,26,Internacional,La inmunización salvó a 154 millones,,EFE,Vacunas,Organización Mundial de la Salud (OMS),Mortalidad infantil,Inmunización ,,,,
302,V,3.12,Prensa Libre,LXXIII,,21/04/2024,,4,Actualidad,Advierten de bajo alcance de vacunas,,Lot Álvarez y A. Ola,Vacunas Ministerio de Salud Publica y Asistencia Social,OPS,Protección y prevención,,,,,
303,V,3.11,Prensa Libre,LXXIII,,20/12/2024,,7,plt Comunitario,Vacunación infantil sigue por debajo del mínimo,,Ana Lucía Ola,Vacunas ,Inmunización,Baja covertura,,,,,
304,V,3.1,Prensa Libre,LXXIII,,11/04/2024,,7,Actualidad ,Congreso discute nueva ley de vacunación,,Douglas Cuevas y Ana Lucía Ola,Vacunas ,Ley de vacunas,Inmunización,,,,,
305,V,3.09,Prensa Libre,LXXII,,29/04/2023,,8,PL+ Salud,Niños en riesgo por baja cobertura de vacunación,,Ana Lucía Ola,Vacunas ,Ministerio de salud publica y asistencia social,Inmunización de menores,,,,,
306,V,3.08,Prensa Libre,LXXI,,11/05/2022,,6,Nación,Va en picada el esquema de inmunización básica,,Ana Lucía Ola,Vacunas ,Inmunización,Contagios,,,,,
307,V,3.07,Prensa Libre,LXXI,,03/03/2022,,11,Nación ,Sectores cuestionan veto a la Ley de Vacunación ,,Ana Lucía Ola,Vacunas ,Ley de vacunación,,,,,,
308,V,3.06,Prensa Libre,LXXI,,3/11/2021,,8,PL+  ,Esquema básico de vacunación se desploma,,Ana Lucía Ola,Vacunas - Guatemala,Esquema básico,Riesgo,,,,,
309,V,3.05,Prensa Libre,LXXI,,21/08/2021,,7,PL+,Más de 200 mil dosis de vacunas contra VPH están a punto de vencerse,,Mariajosé España,Vacunas - Guatemala,VPH,,,,,,
310,V,3.04,Prensa Libre,LXX,,27/01/2021,,7,Actualidad,Inmunización de niños está en riesgo,,Ana Lucía Ola,Vacunas - niños,Salud pública - Guatemala,Niños - Estadísticas,,,,,
311,V,3.03,Prensa Libre,LXIX,,1/12/2019,,12,PL+ De cerca,Vacuna y trasplantes de médula ósea,,-,Vacunas,VIH,,,,,,
312,V,3.02,Prensa Libre,LXIX,,5/10/2019,,21,Buena vida,Acércate a estos puestos de vacunación y protege a tus niños de 7 años contra la polio y el sarampión,,-,Vacunación,,,,,,,
313,V,3.01,Prensa Libre,LXVIII,,21/05/2019,,9,Actualidad,Habilitan vacunación en el Aeropuerto,,Daniana Cabrera,Vacunas,Prevención - Sarampión,Aeropuerto - La Aurora,,,,,
314,V,,Prensa Libre,LXXV,,19/09/2025,25063,28,Internacional,Cloncluye visita de Trump al Reino Unido ,"Gobernante firma millonarios acuerdos sobre tecnología y energía nuclear, junto al primer ministro, Keir Starmer",EFE,Visitas presidenciales,EE. UU.- Reino Unido,Cooperación Bilateral,,,,,
315,V,,Prensa Libre,LXXV,,17/09/2025,25061,20,Internacional,Donald Trump inicia visita oficial al Reino Unido,,AFP,Visitas presidenciales,EE. UU.,Reino Unido,,,,,
316,V,1.4,El Periódico,12,,15/03/2008,4060,27,-,Cárcel por no vacunar a los Niños,,María Cheng ,Vacunas ,Polio ,Multa al no vacunar ,Belgica,,,,
317,V,1.39,El Periódico,12,,11/02/2008,4027,31,Salud ,Prueban nueva vacuna para tratar tumores cerebrales cancerosos ,,-,Vacunas ,Tumores Cerebrales ,,,,,,
318,V,1.38,Prensa Libre,LVII,,7/01/2008,18670,62,-,Anuncian prueba de vacuna contra alergia a gatos ,,AFP,Vacunas ,Alergia a Gatos ,,,,,,
319,V,1.37,Prensa Libre,LVII,,22/10/2007,18595,77,-,En el Futuro ¿Vacuna contra el tabaco?,,DPA ,Vacunas ,Vacuna contra el Tabaco ,,,,,,
320,V,1.36,Prensa Libre,LVI ,,20/08/2007,18532,25,-,Esperanza contra un mal,Primera prueba de vacuna contra la escleorosis múltiple resulta exitosa,Télam ,Vacunas ,Escleorosís multiple ,,,,,,
321,V,1.35,Siglo XXI ,18,,22/05/2007,6191,6,-,Más de 7 millones fueron vacunados ,,"Rita María Aguilar, Siglo 21",Vacunas ,Jornada Nacional de Vacunación ,Rubeola ,Sarampión ,,,,
322,V,1.34,Siglo XXI ,18,,28/04/2007,6160,2,Nacional ,Comercializarán VAcunas contra rotavirus y cáncer,,"María Pacheco, Siglo 21",Vacunas ,Cáncer de cervix,Rotavirus ,Comercio,,,,
323,V,1.33,Siglo XXI ,18,,20/04/2007,6152,10,-,Chapines responden al llamado a vacunarse,,"Rita María Aguilar, Marco Vinicio Flores:Siglo 21",Vacunas ,Vacunación ,Rubeola y Sarampión ,,,,,
324,V,1.32,Prensa Libre,LVI ,,3/03/2007,18364,8,-,Vacunarán a 7.3 millones de personas contra rubeola y sarampión,,Alberto Ramírez E.,Vacunas ,Rubeola ,Sarampión ,,,,,
325,V,1.31,El Periódico,11,,25/01/2007,3653,8,-,Prueban aquí vacuna contra la diarrea ,,José Luis Pos,Vacunas ,Vacuna contra la diarrea ,Medicamentos ,,,,,
326,V,1.30,Prensa Libre,LV,,7/10/2005,17856,44,-,Estudio demuestra efectividad de un cien por ciento exitosa vacuna contra el cáncer cervical,Estudio demuestra efectividad de un cien por ciento,AP-DPA,Vacunas ,Vacuna contra el Cáncer cervical ,"Nueva Jersey, EE.UU.",,,,,
327,V,1.29,Siglo XXI ,17,,28/07/2006,5890,-,-,Ensayan vacuna contra el cigarro ,,"Marilynn Marchione, AP",Vacunas ,Vacuna contra el cigarro ,Adictos al cigarro,,,,,
328,V,1.28,Siglo XXI ,16,,21/07/2005,5522,2,-,Rotavirus ya tiene vacuna ,Será  de uso exclusivo de pediatras del sector privado,"Sandra Valdez, Siglo 21",Vacunas ,Enfermedades ,Rotavirus ,,,,,
329,V,1.27,El Periódico,9,,29/04/2005,3029,24,-,Vacuna contra el sida presenta buenos resultados iniciales ,,Ana B. Villanueva,Vacunas ,Vacuna contra el sida ,Hospital de Barcelona ,,,,,
330,V,1.26,Siglo XXI ,15,,8/03/2005,5389,6,Nacional ,Científico trabaja en vacuna contra la malaria ,,EFE ,Vacunas ,Maloria ,Científico ,Colombia ,,,,
331,V,1.25,Siglo XXI ,15,,15/02/2005,5368,3,En la mira ,Salud aplicará vacuna pentavalente ,Prevén administrar más de un millón de dosis,Ivonne Gabet,Vacunas ,Vacuna pentavalente,"Previenen difteria, tétanos, tos ferina, hepatitis B neumonía, meningitis y acepticemia",,,,,
332,V,1.24,Prensa Libre,52,,12/12/2003,17197,64,"Buena vida, Salud",Destacan investigación,------------------------------------------------------------------------,-,Vacunas ,Cáncer     ,-,-,,,,
333,V,1.23,Siglo XXI ,14,,20/10/03,4890,19,Inter. ,Vacuna contra veneno de serpientes ,Científicos desean proteger a los seres humanos de una muerte segura,EFE,Vacunas ,Científico,Vacuna contra veneno de serpientes ,Científicos,,,,
334,V,1.22,Prensa Libre,LII,,26/06/03,17028,16,Sup.,Estados Unidos aprueba primera vacuna en forma de rocío nasal ,------------------------------------------------------------------------,AP,Vacunas ,Vacuna en forma de rocío nasal ,,,,,,
335,V,1.21,Siglo XXI ,14,,15/03/03,4673,18,Internacional ,Crean vacuna contra el dengue ,,EFE,Vacunas ,Dengue ,,,,,,
336,V,1.20,Nuestro Diario ,6,,18/01/03,1798,23-24,-,Vacunémonos contra la enfermedad del tétanos ,,Sandra Martínez,Vacunas ,Vacuna contra el tetanos ,,,,,,
337,V,1.19,Siglo XXI ,-,,16/11/02,-,20,Internacional ,Vacuna del Alzheimer expone a apoplejías ,,EFE,Vacunas ,Alzheimer ,,,,,,
338,V,1.18,El Periódico,7,,11/11/2002,-,9,Salud ,Aplique en noviembre la vacuna contra la influenza ,,Mirja Valdés de Arias ,Vacunas ,Medicamentos ,Gripe ,,,,,
339,V,1.17,Prensa Libre,L,,8/08/2001,16349,49,Buena vida ,El pinchazo que salva ,Salud ,"Viviana Ruiz, Mariane Morales",Vacunas ,,,,,,,
340,V,1.16,Prensa Libre,49,,29/6/2000,15848,18,Vamos de compras ,Vacunas comestibles ,,EFE,Vacunas ,Salud,,,,,,
341,V,1.15,-,5,,22/06/01,1652,6,Maternidad ,Vacunas   ,Tercera parte y final ,-,Vacunas ,Prevención de enfermedades ,,,,,,
342,V,1.14,El Periódico,5,,18/05/001,1617,4,Salud ,Vacunas ,Lo que usted necesita saber II parte ,-,Vacunas ,Salud ,,,,,,
343,V,1.13,El Periódico,4,,14/03/2000,1200,9,-,Vacuna podría reducir ataques cardíacos,Problemas en meses fríos ,AP,Vacunas ,Enfermedades ,,,,,,
344,V,1.12,Siglo XXI ,10,,11/08/1999,3469,31,-,Aprueban nueva vacuna para meningitis ,,EFE,Vacunas ,Meningitis ,,,,,,
345,V,1.11,Siglo XXI ,10,,29/09/99,3429,25,-,Experimentan vacuna contra la gripe ,,EFE,Vacunas ,Gripe ,Experimentos ,,,,,
346,V,1.10,Siglo XXI ,10,,9/11/1999,3411,27,-,Vacunas contra alergias ,,-,Vacunas ,,,,,,,
347,V,1.19,Siglo XXI ,10,,23/08/99,3392,57,-,Vacunas con alergias ,,-,Vacunas ,,,,,,,
348,V,1.8,Prensa Libre,XLVIII ,,15/07/99,15602,56,-,Vacuna contra gripe ,Rocío nasal demuestra eficacia en prevención del virus ,EFE,Vacunas ,Virus,,,,,,
349,V,1.7,Prensa Libre,48,,4/11/1999,15507,8,-,Vacunas previenen enfermedades ,,-,Vacunas ,Niños-Enfermdedades ,,,,,,
350,V,1.6,El Periódico,2,,26/09/98,0674,8,Servicios ,Nueva vacuna contra la meningitis para niños,,AP,Vacunas ,Niños   ,Salud ,,,,,
351,V,1.5,Prensa Libre,XLVII,,5/03/1998,15168,24,Ciencia ,Las vacunas vendrán en frutas y hortalizas,Los países en vías de desarrollo podrían beneficiarse con las vacunas comestibles,AP,Vacunas ,Vacunas comestibles en frutas y hortalizas ,,,,,,
352,V,1.4,Siglo XXI ,7,,7/10/1996,2274,3,Tema del día ,Circulan vacunas contra hepatitis B elaboradas con plasma humano ,Quienes las utilizan corren el riesgo de contaminarse de otros virus como el SIDA,Carlos Canteo ,Vacunas ,,,,,,,
353,V,1.3,Siglo XXI ,7,,6/07/1996,2241,3,Salud ,Prevenir antes que lamentar ,,-,Salud ,Vacunas ,,,,,,
354,V,1.2,Siglo XXI ,7,,3/11/1996,2159,26,Actualidad ,Centroamérica prepara vacunación simultánea para erradicar el sarampión en el año 2000,,EFE,Sarampión-Investigaciones ,Vacunas ,,,,,,
355,V,1.1,Prensa Libre,-,,3/04/1993,13315,28,Hemeroteca ,"Murió Albert Sabin, descubridor de la vacuna contra la poliomielitis ",,"Washington, Reuter-UPI-DPA-AP-EFE","Sabin, Albert, 1907-1993",Vacuna antipoliomielitis ,,,,,,
356,V,2.4,El Periódico,23,,6/07/2019,8062,Portada,-,Calendario de vacunas,"La vacunacion es efectiva, salva vidas y evita enfermedades mortales",IGSS,Vacunas ,IGSS,Politica preventiva,,,,,
357,V,2.39,El Periódico,23,,5/11/2019,8035,7,Inversion,Viajeros deben considerar vacuna contra el sarampion,-,Evelin Vásquez,Vacunas ,Vacuna contra el sarampion,Prevencion-viajeros,,,,,
358,V,2.38,Prensa Libre,LXVIII,,5/09/2019,22762,14,Actualidad,Aplican vacunas contra sarampión,Ministerio de Salud asegura que se han aplicado 150 inmunisaciones al día,Ana Lucia Ola,Vacunas ,Sarampión,Prevención-Sarampión,,,,,
359,V,2.37,Prensa Libre,LXVIII,,27/04/2019,22750,21,Todo Noticias,Millones de niños no se vacunan contra el sarampion,-,EFE,Vacunas ,UNICEF,Sarampión,,,,,
360,V,2.36,Prensa Libre,LXVIII,,3/02/2019,22696,7,Actualidad,Nivel de vacunas determinan riesgo,Experto subraya importancia de contar con alta cobertura de dosis contra el sarampión,Ana Lucia Ola,Vacunas ,OMS-OPS,Enfermedades,Sarampión,,,,
361,V,2.35,Prensa Libre,LXVII,,6/06/2018,22429,"28,29",Buena vida,Así nos podemos proteger,"Sin las vacunas, las epidemias causadas por enfermedades prevenibles podrían reaparecer. Para contrarrestar la desinformación necesitamos datos y rigor cientifico",Sandra Vi,Vacunas ,Salud,Enfermedades Inmuno preventivas,,,,,
362,V,2.34,Prensa Libre,LXVII,,22/02/2018,22327,29,Lo vi en mi ciudad,Anuncian campaña de vacunación,-,-,Vacunas - Guatemala,Ministerio de Saluda - Jornada de Vacunación,Niñas - Cáncer de cérvix,,,,,
363,V,2.33,El Periódico,22,,23/12,7548,8,Inversion,En Guatemala solo 93 entidades cumplen con la inmunización laboral por medio de vacunas,,Geldi Muñoz Palala,Vacunas ,Salud,Trabajo y ttrabajadores - Guatemala,,,,,
364,V,2.32,Prensa Libre,LXVII,,28/9/2017,22182,34-35,Buena vida,Probarán en humanos vacuna contra el zika,"En los próximos meses, cientificos iniciarán las pruebas en personas",Redacción Buena vida,Vacunacion,Enfermedades,Zika,,,,,
365,V,2.31,Prensa Libre,LXVI,,14/7/2017,22106,50,Buena vida,Las vacunas tambien son asunto de adultos,La inmunización debe darse en todas las etapas. La prevencion es lo más importante en el tema de la salud,Redacción Buena vida,Vacunas,Enfermedades contagiosas,,,,,,
366,V,2.3,El Periódico,21,,6/09/2017,7351,31,Ultimo,Dos departamentos sin vacunas contra la influenza,El Ministerio de Salud cuenta con 310 mil dosis para la enfermedad catalogada como altamente contagiosa,Rony Ríos,Vacunas,Enfermedades,Ministerio de Salud,,,,,
367,V,2.29,Prensa Libre,LXVI,,26/04/2017,22026,37,Buena vida,La vacunación previene 16 enfermedades,"Durante los primeros años de vida, las vacunas ayudan a fortalecer el sistema inmune de niños y niñas",Redacción Buena vida,Vacunas,Enfermedades - prevención ,Inmunología - Prevención,,,,,
368,V,2.28,Prensa Libre,LXVI,,21/11/2016,21875,6,Nacional ,Salud está atrasado en vacunación,Autoridades reconocen que no han cumplido la meta y lanzan programa a cinco semanas de terminar el año.,Henry Estuardo Pocasangre,Vacunas,Atraso den el programa de vacunas,,,,,,
369,V,2.27,Prensa Libre,LXVI,,10/11/2016,21834,2-3,Primer Plano, Vacunacion solo cubrío al 59% de niños en 2014-15,"Sagun la OPS, solo en 32% de municipios se logra 95% de inmunización.",Andrea Orozco,Vacunas,Cobertura infantil de 59% en el 2014-2015,,,,,,
370,V,2.26,El Periódico,20,,28/4/2016,6952,8,Nación,Niños de 168 municipios en alto riesgo por falta de vacunación,-,Rony Ríos,Vacunas,Enfermedades en niños,,,,,,
371,V,2.25,Prensa Libre,LXVI,,8/03/2015,21403,8,Actualidad,En riesgo 17 mil niños por falta de vacunas ,Salud implementará en septiembre una jornada nacional,Andrea Orozco,Vacunas,Ministerio de Salud,Niños,,,,,
372,V,2.24,Prensa Libre,LXIV,,8/01/2015,21401,36,Internacional mundo,Vacuna antiébola,"Fármaco es cien por cien eficaz contra virus, que ha dejado 11 mil muertos en África desde 2013",AFP,Vacunas,Mediana preventiva,Ébola,,,,,
373,V,2.23,Prensa Libre,LXIV,,25/07/2015,21394,37,Internacional mundo,UE avala vacuna contra la malaria,Niños serán beneficiados contra el paludismo y hepatitis B,Astrid Mendez,Vacunas ,Medicina preventiva,Malaria Terapeutica,,,,,
374,V,2.22,Prensa Libre,LXIV,,6/10/2015,21349,2,Primer Plano,Niño muere por falta de vacunas,PDH advierte de que crisis en el sistema de salud es constante,Andrea Orozco,Vacunas ,Ministerio de Salud,Crisis Sistema de Salud,,,,,
375,V,2.21,Siglo XXI ,25,,9/01/2014,9696,18,-,Descartan daño de vacuna,Asocian enfermedad en niñas con dosis para prevenir cáncer pélvico,EFE-AFP,Vacunas ,Virus del Papilona Humano,Descartan daño de vacuna en Colombia,,,,,
376,V,2.2,Prensa Libre,LXIII,,24/3/2014,20914,56-57,Buena Vida,Una solución para un virus que crece,Vacuna podría disminuir los casos de cáncer de cérvix,Áxel Vicente,Vacunas ,Virus del Papilona Humano,Cáncer de cérvix,,,,,
377,V,2.19,Siglo XXI ,25,,13/3/2014,9528,3,Nacional ,Escasez de vacunas es por mala planificación ,-,"Á. Alay,G. Sanchez, I. Perez",Vacunas ,Escaces de vacunas,,,,,,
378,V,2.18,Siglo XXI ,25,,11/03/2014,9526,3,Nacional ,Salud enfrenta escacez de vacunas,-,Glenda Sanchez,Vacunas ,Neumococo,Desabastecimiento,,,,,
379,V,2.17,Prensa Libre,LXIII,,17/02/2014,20879,25,Departamental,Se reportan nuevo brote de rabia,Intensifican vacunación en Baja Verapaz,Carlos Grave,Vacunas,Jornada de vacunación,Rabia,,,,,
380,V,2.16,Prensa Libre,LXIII,,11/05/2013,20777,42,Buena Vida,Campaña sin sarampión ni rubeola,Vacunación oportuna,Brenda Martínez ,Vacunas,Campaña nacional de vacunación,Sarampión y rubeola,,,,,
381,V,2.15,Siglo XXI ,24,,10/09/2013,9377,18,Mundo,"Vacuna contra la malaria, disponible en 2015",Modo de contaminación de la malaria,"Viviana García, EFE",Vacunas,Vacuna contra la malaria,,,,,,
382,V,2.14,Siglo XXI ,24,,23/09/2013,9361,2-3,Nacional,Convocatoria rural y control son puntos débiles en vacunación,,Ana Lucía Ola,Vacunas,Jornada de vacunación,,,,,,
383,V,2.13,El Periódico,17,,8/09/2013,5986,25,Mundo,Prometedora vacuna contra la malaria,,AFP,Vacunas ,Vacuna contra la malaria,,,,,,
384,V,2.12,Siglo XXI ,24,,6/01/2013,9247,14,Internacional,Crean primera vacuna contra el cáncer de pulmón,,Agencia EFE,Vacunas ,Cáncer de pulmón,,,,,,
385,V,2.11,Siglo XXI ,21,,2/09/2011,8422,16,Internacional,Vinculan vacuna AH1N1 con narcolepsia en niños,,Agencia EFE,Vacunas ,AH1N1,,,,,,
386,V,2.1,DIARIO DE C.A.,130,,1/04/2010,37611,3,Nacional,Impularán nueva ley para garantizar inmunizaciones,"Guatemala a sido declarada libre de sarampión y rubeola, pero aún es necesario reforzar las estrategias preventivas ",Maby López,Vacunas ,Inmunizaciones,,,,,,
387,V,2.9,Siglo XXI ,20,,10/09/2009,7046,8,Nacional,País figura en lista de OPS para vacuna AH1N1,"Darán prioridad a personal médico, ancianos y niños",Wendy Moctezuma,Vacunas ,Influenza AH1N1,Organización Mundial de la Salud,,,,,
388,V,2.8,Prensa Libre,59,,25/09/2009,19291,38,Internacional; mundo,Vacuna contra el sida reduce contagio en 31%,Prueba de inmunización tiene por primera vez eficacia efectiva,AP y AFP,Vacunas ,Contra el SIDA,Organización Mundial de la Salud,SIDA,,,,
389,V,2.7,Prensa Libre,59,,9/01/2009,19270,42,Internacional ,China aprueba comercializar vacuna contra gripe A,,EFE,Vacunas,Gripe A,,,,,,
390,V,2.6,Prensa Libre,58,,21/06/2009,19195,25,-,Se apresuran para producir vacuna,Prevención contra gripe A (H1N1),Hugo Sanchinelli,Vacunas,Gripe A (H1N1),,,,,,
391,V,2.5,El Periódico,13,,23/03/2009,4424,23,Salud,Accesibles y al instante,"El ministerio de Salud cumple con vacunar al 95 porciento de la población contra la difteria, tosferina, tétanos, polio, enufilos, influenza y hepatitis B, pero la mayoría tiene poco acceso a vacunas como la del neumococo, sarampión, paperas y rubeola se poen solo a través de campañas especiales por parte de las autoridades.",Ana Isabel Villela,Vacunas,Ministerio de Salud,,,,,,
392,V,2.4,Prensa Libre,58,,13/03/2009,19097,5,,Repetirá trámite de compra de vacunas,El contrato para compra de vacunas registró incovenientes,Hugo Alvarado,Vacunas,Compra de vacunas,,,,,,
393,V,2.3,El Periódico,13,,3/04/2009,4405,4,Nacionales ,VICEPRESIDENTE ESPADA INDICA QUE LA OPS NO GRARANTIZA LA CALIDAD DE VACUNAS,"Asociaciones médicas respaldan a ese organismo y critican a funcionario. Ministro de Salud, Celso Cerezo, dará explicaciones hoy en el congreso.",Marvin Del Cid,Vacunas,Guatemala ,Rompe adquisición con OPS,,,,,
394,V,2.2,El Periódico,12,,14/05/2008,4116,8,Nacionales ,Vacuna disponible contra virus del papiloma,Los pediatras y ginecólogos guatemaltecos las recomiendan para niñas a partir de 9 años hasta mujeres de 26.,Claudia Palma,Vacunas,Virus del papiloma,,,,,,
395,V,2.1,El Periódico,12,,4/11/2008,4083,7,Nacionales,Salud preventiva distante de los objetivos del Plan de los Cien Días,Una campaña de vacunación que comenzó sin todos los insumos y puestos de salud sin medicamentos básicos.,Claudia Palma,Vacunas,Plan de los Cien Días,Presidente Álvaro Colon,,,,,
396,V,1.2,El Periódico,-,,25/03/2001,,14-15,Letras,Pluma imparcial,"Este año se conmemora el centenario del nacimiento del periodista y hombre de letras, David Vela",Mauricio martínez,"Vela, David",Periodista,Biografía,,,,,
397,V,1.1,Prensa Libre,46,,2/05/1997,14722,12,Opiniones ,David Vela,,-,"Vela, David",,,,,,,
398,V,,Prensa Libre,LXXI,,,,,,,,,,,,,,,,
399,V,,Prensa Libre,LXXI,,,,,,,,,,,,,,,,
400,V,,Prensa Libre,LXXI,,,,,,,,,,,,,,,,
401,V,,Prensa Libre,LXX,,,,,,,,,,,,,,,,
402,V,,Prensa Libre,LXIX,,,,,,,,,,,,,,,,
403,V,,Prensa Libre,LXIX,,,,,,,,,,,,,,,,
404,V,,Prensa Libre,LXVIII,,,,,,,,,,,,,,,,
405,V,,Prensa Libre,,,,,,,,,,,,,,,,,
406,,,,,,,,,,,,,,,,,,,,
407,,,,,,,,,,,,,,,,,,,,
408,,,,,,,,,,,,,,,,,,,,
409,,,,,,,,,,,,,,,,,,,,
410,,,,,,,,,,,,,,,,,,,,
411,,,,,,,,,,,,,,,,,,,,
412,,,,,,,,,,,,,,,,,,,,
413,,,,,,,,,,,,,,,,,,,,
414,,,,,,,,,,,,,,,,,,,,
415,,,,,,,,,,,,,,,,,,,,
416,,,,,,,,,,,,,,,,,,,,
417,,,,,,,,,,,,,,,,,,,,
418,,,,,,,,,,,,,,,,,,,,
419,,,,,,,,,,,,,,,,,,,,
420,,,,,,,,,,,,,,,,,,,,
421,,,,,,,,,,,,,,,,,,,,
422,,,,,,,,,,,,,,,,,,,,
423,,,,,,,,,,,,,,,,,,,,
424,,,,,,,,,,,,,,,,,,,,
425,,,,,,,,,,,,,,,,,,,,
426,,,,,,,,,,,,,,,,,,,,
427,,,,,,,,,,,,,,,,,,,,
428,,,,,,,,,,,,,,,,,,,,
429,,,,,,,,,,,,,,,,,,,,
430,,,,,,,,,,,,,,,,,,,,
431,,,,,,,,,,,,,,,,,,,,
432,,,,,,,,,,,,,,,,,,,,
433,,,,,,,,,,,,,,,,,,,,
434,,,,,,,,,,,,,,,,,,,,
435,,,,,,,,,,,,,,,,,,,,
436,,,,,,,,,,,,,,,,,,,,
437,,,,,,,,,,,,,,,,,,,,
438,,,,,,,,,,,,,,,,,,,,
439,,,,,,,,,,,,,,,,,,,,
440,,,,,,,,,,,,,,,,,,,,
441,,,,,,,,,,,,,,,,,,,,
442,,,,,,,,,,,,,,,,,,,,
443,,,,,,,,,,,,,,,,,,,,
444,,,,,,,,,,,,,,,,,,,,
445,,,,,,,,,,,,,,,,,,,,
446,,,,,,,,,,,,,,,,,,,,
447,,,,,,,,,,,,,,,,,,,,
448,,,,,,,,,,,,,,,,,,,,
449,,,,,,,,,,,,,,,,,,,,
450,,,,,,,,,,,,,,,,,,,,
451,,,,,,,,,,,,,,,,,,,,
452,,,,,,,,,,,,,,,,,,,,
453,,,,,,,,,,,,,,,,,,,,
454,,,,,,,,,,,,,,,,,,,,
455,,,,,,,,,,,,,,,,,,,,
456,,,,,,,,,,,,,,,,,,,,
457,,,,,,,,,,,,,,,,,,,,
458,,,,,,,,,,,,,,,,,,,,
459,,,,,,,,,,,,,,,,,,,,
460,,,,,,,,,,,,,,,,,,,,
461,,,,,,,,,,,,,,,,,,,,
462,,,,,,,,,,,,,,,,,,,,
463,,,,,,,,,,,,,,,,,,,,
464,,,,,,,,,,,,,,,,,,,,
465,,,,,,,,,,,,,,,,,,,,
466,,,,,,,,,,,,,,,,,,,,
467,,,,,,,,,,,,,,,,,,,,
468,,,,,,,,,,,,,,,,,,,,
469,,,,,,,,,,,,,,,,,,,,
470,,,,,,,,,,,,,,,,,,,,
471,,,,,,,,,,,,,,,,,,,,
472,,,,,,,,,,,,,,,,,,,,
473,,,,,,,,,,,,,,,,,,,,
474,,,,,,,,,,,,,,,,,,,,
475,,,,,,,,,,,,,,,,,,,,
476,,,,,,,,,,,,,,,,,,,,
477,,,,,,,,,,,,,,,,,,,,
478,,,,,,,,,,,,,,,,,,,,
479,,,,,,,,,,,,,,,,,,,,
480,,,,,,,,,,,,,,,,,,,,
481,,,,,,,,,,,,,,,,,,,,
482,,,,,,,,,,,,,,,,,,,,
483,,,,,,,,,,,,,,,,,,,,
484,,,,,,,,,,,,,,,,,,,,
485,,,,,,,,,,,,,,,,,,,,
486,,,,,,,,,,,,,,,,,,,,
487,,,,,,,,,,,,,,,,,,,,
488,,,,,,,,,,,,,,,,,,,,
489,,,,,,,,,,,,,,,,,,,,
490,,,,,,,,,,,,,,,,,,,,
491,,,,,,,,,,,,,,,,,,,,
492,,,,,,,,,,,,,,,,,,,,
493,,,,,,,,,,,,,,,,,,,,
494,,,,,,,,,,,,,,,,,,,,
495,,,,,,,,,,,,,,,,,,,,
496,,,,,,,,,,,,,,,,,,,,
497,,,,,,,,,,,,,,,,,,,,
498,,,,,,,,,,,,,,,,,,,,
499,,,,,,,,,,,,,,,,,,,,
500,,,,,,,,,,,,,,,,,,,,
501,,,,,,,,,,,,,,,,,,,,
502,,,,,,,,,,,,,,,,,,,,
503,,,,,,,,,,,,,,,,,,,,
504,,,,,,,,,,,,,,,,,,,,
505,,,,,,,,,,,,,,,,,,,,
506,,,,,,,,,,,,,,,,,,,,
507,,,,,,,,,,,,,,,,,,,,
508,,,,,,,,,,,,,,,,,,,,
509,,,,,,,,,,,,,,,,,,,,
510,,,,,,,,,,,,,,,,,,,,
511,,,,,,,,,,,,,,,,,,,,
512,,,,,,,,,,,,,,,,,,,,
513,,,,,,,,,,,,,,,,,,,,
514,,,,,,,,,,,,,,,,,,,,
515,,,,,,,,,,,,,,,,,,,,
516,,,,,,,,,,,,,,,,,,,,
517,,,,,,,,,,,,,,,,,,,,
518,,,,,,,,,,,,,,,,,,,,
519,,,,,,,,,,,,,,,,,,,,
520,,,,,,,,,,,,,,,,,,,,
521,,,,,,,,,,,,,,,,,,,,
522,,,,,,,,,,,,,,,,,,,,
523,,,,,,,,,,,,,,,,,,,,
524,,,,,,,,,,,,,,,,,,,,
525,,,,,,,,,,,,,,,,,,,,
526,,,,,,,,,,,,,,,,,,,,
527,,,,,,,,,,,,,,,,,,,,
528,,,,,,,,,,,,,,,,,,,,
529,,,,,,,,,,,,,,,,,,,,
530,,,,,,,,,,,,,,,,,,,,
531,,,,,,,,,,,,,,,,,,,,
532,,,,,,,,,,,,,,,,,,,,
533,,,,,,,,,,,,,,,,,,,,
534,,,,,,,,,,,,,,,,,,,,
535,,,,,,,,,,,,,,,,,,,,
536,,,,,,,,,,,,,,,,,,,,
537,,,,,,,,,,,,,,,,,,,,
538,,,,,,,,,,,,,,,,,,,,
539,,,,,,,,,,,,,,,,,,,,
540,,,,,,,,,,,,,,,,,,,,
541,,,,,,,,,,,,,,,,,,,,
542,,,,,,,,,,,,,,,,,,,,
543,,,,,,,,,,,,,,,,,,,,
544,,,,,,,,,,,,,,,,,,,,
545,,,,,,,,,,,,,,,,,,,,
546,,,,,,,,,,,,,,,,,,,,
547,,,,,,,,,,,,,,,,,,,,
548,,,,,,,,,,,,,,,,,,,,
549,,,,,,,,,,,,,,,,,,,,
550,,,,,,,,,,,,,,,,,,,,
551,,,,,,,,,,,,,,,,,,,,
552,,,,,,,,,,,,,,,,,,,,
553,,,,,,,,,,,,,,,,,,,,
554,,,,,,,,,,,,,,,,,,,,
555,,,,,,,,,,,,,,,,,,,,
556,,,,,,,,,,,,,,,,,,,,
557,,,,,,,,,,,,,,,,,,,,
558,,,,,,,,,,,,,,,,,,,,
559,,,,,,,,,,,,,,,,,,,,
560,,,,,,,,,,,,,,,,,,,,
561,,,,,,,,,,,,,,,,,,,,
562,,,,,,,,,,,,,,,,,,,,
563,,,,,,,,,,,,,,,,,,,,
564,,,,,,,,,,,,,,,,,,,,
565,,,,,,,,,,,,,,,,,,,,
566,,,,,,,,,,,,,,,,,,,,
567,,,,,,,,,,,,,,,,,,,,
568,,,,,,,,,,,,,,,,,,,,
569,,,,,,,,,,,,,,,,,,,,
570,,,,,,,,,,,,,,,,,,,,
571,,,,,,,,,,,,,,,,,,,,
572,,,,,,,,,,,,,,,,,,,,
573,,,,,,,,,,,,,,,,,,,,
574,,,,,,,,,,,,,,,,,,,,
575,,,,,,,,,,,,,,,,,,,,
576,,,,,,,,,,,,,,,,,,,,
577,,,,,,,,,,,,,,,,,,,,
578,,,,,,,,,,,,,,,,,,,,
579,,,,,,,,,,,,,,,,,,,,
580,,,,,,,,,,,,,,,,,,,,
581,,,,,,,,,,,,,,,,,,,,
582,,,,,,,,,,,,,,,,,,,,
583,,,,,,,,,,,,,,,,,,,,
584,,,,,,,,,,,,,,,,,,,,
585,,,,,,,,,,,,,,,,,,,,
586,,,,,,,,,,,,,,,,,,,,
587,,,,,,,,,,,,,,,,,,,,
588,,,,,,,,,,,,,,,,,,,,
589,,,,,,,,,,,,,,,,,,,,
590,,,,,,,,,,,,,,,,,,,,
591,,,,,,,,,,,,,,,,,,,,
592,,,,,,,,,,,,,,,,,,,,
593,,,,,,,,,,,,,,,,,,,,
594,,,,,,,,,,,,,,,,,,,,
595,,,,,,,,,,,,,,,,,,,,
596,,,,,,,,,,,,,,,,,,,,
597,,,,,,,,,,,,,,,,,,,,
598,,,,,,,,,,,,,,,,,,,,
599,,,,,,,,,,,,,,,,,,,,
600,,,,,,,,,,,,,,,,,,,,
601,,,,,,,,,,,,,,,,,,,,
602,,,,,,,,,,,,,,,,,,,,
603,,,,,,,,,,,,,,,,,,,,
604,,,,,,,,,,,,,,,,,,,,
605,,,,,,,,,,,,,,,,,,,,
606,,,,,,,,,,,,,,,,,,,,
607,,,,,,,,,,,,,,,,,,,,
608,,,,,,,,,,,,,,,,,,,,
609,,,,,,,,,,,,,,,,,,,,
610,,,,,,,,,,,,,,,,,,,,
611,,,,,,,,,,,,,,,,,,,,
612,,,,,,,,,,,,,,,,,,,,
613,,,,,,,,,,,,,,,,,,,,
614,,,,,,,,,,,,,,,,,,,,
615,,,,,,,,,,,,,,,,,,,,
616,,,,,,,,,,,,,,,,,,,,
617,,,,,,,,,,,,,,,,,,,,
618,,,,,,,,,,,,,,,,,,,,
619,,,,,,,,,,,,,,,,,,,,
620,,,,,,,,,,,,,,,,,,,,
621,,,,,,,,,,,,,,,,,,,,
622,,,,,,,,,,,,,,,,,,,,
623,,,,,,,,,,,,,,,,,,,,
624,,,,,,,,,,,,,,,,,,,,
625,,,,,,,,,,,,,,,,,,,,
626,,,,,,,,,,,,,,,,,,,,
627,,,,,,,,,,,,,,,,,,,,
628,,,,,,,,,,,,,,,,,,,,
629,,,,,,,,,,,,,,,,,,,,
630,,,,,,,,,,,,,,,,,,,,
631,,,,,,,,,,,,,,,,,,,,
632,,,,,,,,,,,,,,,,,,,,
633,,,,,,,,,,,,,,,,,,,,
634,,,,,,,,,,,,,,,,,,,,
635,,,,,,,,,,,,,,,,,,,,
636,,,,,,,,,,,,,,,,,,,,
637,,,,,,,,,,,,,,,,,,,,
638,,,,,,,,,,,,,,,,,,,,
639,,,,,,,,,,,,,,,,,,,,
640,,,,,,,,,,,,,,,,,,,,
641,,,,,,,,,,,,,,,,,,,,
642,,,,,,,,,,,,,,,,,,,,
643,,,,,,,,,,,,,,,,,,,,
644,,,,,,,,,,,,,,,,,,,,
645,,,,,,,,,,,,,,,,,,,,
646,,,,,,,,,,,,,,,,,,,,
647,,,,,,,,,,,,,,,,,,,,
648,,,,,,,,,,,,,,,,,,,,
649,,,,,,,,,,,,,,,,,,,,
650,,,,,,,,,,,,,,,,,,,,
651,,,,,,,,,,,,,,,,,,,,
652,,,,,,,,,,,,,,,,,,,,
653,,,,,,,,,,,,,,,,,,,,
654,,,,,,,,,,,,,,,,,,,,
655,,,,,,,,,,,,,,,,,,,,
656,,,,,,,,,,,,,,,,,,,,
657,,,,,,,,,,,,,,,,,,,,
658,,,,,,,,,,,,,,,,,,,,
659,,,,,,,,,,,,,,,,,,,,
660,,,,,,,,,,,,,,,,,,,,
661,,,,,,,,,,,,,,,,,,,,
662,,,,,,,,,,,,,,,,,,,,
663,,,,,,,,,,,,,,,,,,,,
664,,,,,,,,,,,,,,,,,,,,
665,,,,,,,,,,,,,,,,,,,,
666,,,,,,,,,,,,,,,,,,,,
667,,,,,,,,,,,,,,,,,,,,
668,,,,,,,,,,,,,,,,,,,,
669,,,,,,,,,,,,,,,,,,,,
670,,,,,,,,,,,,,,,,,,,,
671,,,,,,,,,,,,,,,,,,,,
672,,,,,,,,,,,,,,,,,,,,
673,,,,,,,,,,,,,,,,,,,,
674,,,,,,,,,,,,,,,,,,,,
675,,,,,,,,,,,,,,,,,,,,
676,,,,,,,,,,,,,,,,,,,,
677,,,,,,,,,,,,,,,,,,,,
678,,,,,,,,,,,,,,,,,,,,
679,,,,,,,,,,,,,,,,,,,,
680,,,,,,,,,,,,,,,,,,,,
681,,,,,,,,,,,,,,,,,,,,
682,,,,,,,,,,,,,,,,,,,,
683,,,,,,,,,,,,,,,,,,,,
684,,,,,,,,,,,,,,,,,,,,
685,,,,,,,,,,,,,,,,,,,,
686,,,,,,,,,,,,,,,,,,,,
687,,,,,,,,,,,,,,,,,,,,
688,,,,,,,,,,,,,,,,,,,,
689,,,,,,,,,,,,,,,,,,,,
690,,,,,,,,,,,,,,,,,,,,
691,,,,,,,,,,,,,,,,,,,,
692,,,,,,,,,,,,,,,,,,,,
693,,,,,,,,,,,,,,,,,,,,
694,,,,,,,,,,,,,,,,,,,,
695,,,,,,,,,,,,,,,,,,,,
696,,,,,,,,,,,,,,,,,,,,
697,,,,,,,,,,,,,,,,,,,,
698,,,,,,,,,,,,,,,,,,,,
699,,,,,,,,,,,,,,,,,,,,
700,,,,,,,,,,,,,,,,,,,,
701,,,,,,,,,,,,,,,,,,,,
702,,,,,,,,,,,,,,,,,,,,
703,,,,,,,,,,,,,,,,,,,,
704,,,,,,,,,,,,,,,,,,,,
705,,,,,,,,,,,,,,,,,,,,
706,,,,,,,,,,,,,,,,,,,,
707,,,,,,,,,,,,,,,,,,,,
708,,,,,,,,,,,,,,,,,,,,
709,,,,,,,,,,,,,,,,,,,,
710,,,,,,,,,,,,,,,,,,,,
711,,,,,,,,,,,,,,,,,,,,
712,,,,,,,,,,,,,,,,,,,,
713,,,,,,,,,,,,,,,,,,,,
714,,,,,,,,,,,,,,,,,,,,
715,,,,,,,,,,,,,,,,,,,,
716,,,,,,,,,,,,,,,,,,,,
717,,,,,,,,,,,,,,,,,,,,
718,,,,,,,,,,,,,,,,,,,,
719,,,,,,,,,,,,,,,,,,,,
720,,,,,,,,,,,,,,,,,,,,
721,,,,,,,,,,,,,,,,,,,,
722,,,,,,,,,,,,,,,,,,,,
723,,,,,,,,,,,,,,,,,,,,
724,,,,,,,,,,,,,,,,,,,,
725,,,,,,,,,,,,,,,,,,,,
726,,,,,,,,,,,,,,,,,,,,
727,,,,,,,,,,,,,,,,,,,,
728,,,,,,,,,,,,,,,,,,,,
729,,,,,,,,,,,,,,,,,,,,
730,,,,,,,,,,,,,,,,,,,,
731,,,,,,,,,,,,,,,,,,,,
732,,,,,,,,,,,,,,,,,,,,
733,,,,,,,,,,,,,,,,,,,,
734,,,,,,,,,,,,,,,,,,,,
735,,,,,,,,,,,,,,,,,,,,
736,,,,,,,,,,,,,,,,,,,,
737,,,,,,,,,,,,,,,,,,,,
738,,,,,,,,,,,,,,,,,,,,
739,,,,,,,,,,,,,,,,,,,,
740,,,,,,,,,,,,,,,,,,,,
741,,,,,,,,,,,,,,,,,,,,
742,,,,,,,,,,,,,,,,,,,,
743,,,,,,,,,,,,,,,,,,,,
744,,,,,,,,,,,,,,,,,,,,
745,,,,,,,,,,,,,,,,,,,,
746,,,,,,,,,,,,,,,,,,,,
747,,,,,,,,,,,,,,,,,,,,
748,,,,,,,,,,,,,,,,,,,,
749,,,,,,,,,,,,,,,,,,,,
750,,,,,,,,,,,,,,,,,,,,
751,,,,,,,,,,,,,,,,,,,,
752,,,,,,,,,,,,,,,,,,,,
753,,,,,,,,,,,,,,,,,,,,
754,,,,,,,,,,,,,,,,,,,,
755,,,,,,,,,,,,,,,,,,,,
756,,,,,,,,,,,,,,,,,,,,
757,,,,,,,,,,,,,,,,,,,,
758,,,,,,,,,,,,,,,,,,,,
759,,,,,,,,,,,,,,,,,,,,
760,,,,,,,,,,,,,,,,,,,,
761,,,,,,,,,,,,,,,,,,,,
762,,,,,,,,,,,,,,,,,,,,
763,,,,,,,,,,,,,,,,,,,,
764,,,,,,,,,,,,,,,,,,,,
765,,,,,,,,,,,,,,,,,,,,
766,,,,,,,,,,,,,,,,,,,,
767,,,,,,,,,,,,,,,,,,,,
768,,,,,,,,,,,,,,,,,,,,
769,,,,,,,,,,,,,,,,,,,,
770,,,,,,,,,,,,,,,,,,,,
771,,,,,,,,,,,,,,,,,,,,
772,,,,,,,,,,,,,,,,,,,,
773,,,,,,,,,,,,,,,,,,,,
774,,,,,,,,,,,,,,,,,,,,
775,,,,,,,,,,,,,,,,,,,,
776,,,,,,,,,,,,,,,,,,,,
777,,,,,,,,,,,,,,,,,,,,
778,,,,,,,,,,,,,,,,,,,,
779,,,,,,,,,,,,,,,,,,,,
780,,,,,,,,,,,,,,,,,,,,
781,,,,,,,,,,,,,,,,,,,,
782,,,,,,,,,,,,,,,,,,,,
783,,,,,,,,,,,,,,,,,,,,
784,,,,,,,,,,,,,,,,,,,,
785,,,,,,,,,,,,,,,,,,,,
786,,,,,,,,,,,,,,,,,,,,
787,,,,,,,,,,,,,,,,,,,,
788,,,,,,,,,,,,,,,,,,,,
789,,,,,,,,,,,,,,,,,,,,
790,,,,,,,,,,,,,,,,,,,,
791,,,,,,,,,,,,,,,,,,,,
792,,,,,,,,,,,,,,,,,,,,
793,,,,,,,,,,,,,,,,,,,,
794,,,,,,,,,,,,,,,,,,,,
795,,,,,,,,,,,,,,,,,,,,
796,,,,,,,,,,,,,,,,,,,,
797,,,,,,,,,,,,,,,,,,,,
798,,,,,,,,,,,,,,,,,,,,
799,,,,,,,,,,,,,,,,,,,,
800,,,,,,,,,,,,,,,,,,,,
801,,,,,,,,,,,,,,,,,,,,
802,,,,,,,,,,,,,,,,,,,,
803,,,,,,,,,,,,,,,,,,,,
804,,,,,,,,,,,,,,,,,,,,
805,,,,,,,,,,,,,,,,,,,,